line,station,price
ＪＲ山手線,東京,9.3
ＪＲ山手線,有楽町,11.8
ＪＲ山手線,新橋,11.4
ＪＲ山手線,浜松町,10.9
ＪＲ山手線,田町,10.1
ＪＲ山手線,高輪ゲートウェイ,9.3
ＪＲ山手線,品川,9.1
ＪＲ山手線,大崎,8.2
ＪＲ山手線,五反田,8.9
ＪＲ山手線,目黒,9.9
ＪＲ山手線,恵比寿,11.0
ＪＲ山手線,渋谷,11.0
ＪＲ山手線,原宿,11.4
ＪＲ山手線,代々木,10.1
ＪＲ山手線,新宿,8.2
ＪＲ山手線,新大久保,7.9
ＪＲ山手線,高田馬場,7.6
ＪＲ山手線,目白,7.2
ＪＲ山手線,池袋,7.3
ＪＲ山手線,大塚,7.5
ＪＲ山手線,巣鴨,7.7
ＪＲ山手線,駒込,7.3
ＪＲ山手線,田端,7.0
ＪＲ山手線,西日暮里,7.2
ＪＲ山手線,日暮里,7.7
ＪＲ山手線,鶯谷,7.7
ＪＲ山手線,上野,8.2
ＪＲ山手線,御徒町,8.9
ＪＲ山手線,秋葉原,9.5
ＪＲ山手線,神田,10.1
ＪＲ京浜東北線,赤羽,7.0
ＪＲ京浜東北線,東十条,6.6
ＪＲ京浜東北線,王子,6.7
ＪＲ京浜東北線,上中里,6.9
ＪＲ京浜東北線,田端,7.0
ＪＲ京浜東北線,西日暮里,7.2
ＪＲ京浜東北線,日暮里,7.7
ＪＲ京浜東北線,鶯谷,7.7
ＪＲ京浜東北線,上野,8.2
ＪＲ京浜東北線,御徒町,8.9
ＪＲ京浜東北線,秋葉原,9.5
ＪＲ京浜東北線,神田,10.1
ＪＲ京浜東北線,東京,9.3
ＪＲ京浜東北線,有楽町,11.8
ＪＲ京浜東北線,新橋,11.4
ＪＲ京浜東北線,浜松町,10.9
ＪＲ京浜東北線,田町,10.1
ＪＲ京浜東北線,高輪ゲートウェイ,9.3
ＪＲ京浜東北線,品川,9.1
ＪＲ京浜東北線,大井町,7.9
ＪＲ京浜東北線,大森,7.2
ＪＲ京浜東北線,蒲田,7.4
ＪＲ京浜東北線,川崎,6.5
ＪＲ京浜東北線,鶴見,5.9
ＪＲ京浜東北線,新子安,5.0
ＪＲ京浜東北線,東神奈川,6.1
ＪＲ京浜東北線,横浜,6.8
ＪＲ京浜東北線,桜木町,6.8
ＪＲ京浜東北線,関内,6.7
ＪＲ京浜東北線,石川町,6.2
ＪＲ京浜東北線,山手,5.2
ＪＲ京浜東北線,根岸,4.0
ＪＲ京浜東北線,磯子,3.9
ＪＲ京浜東北線,新杉田,4.2
ＪＲ京浜東北線,洋光台,3.9
ＪＲ京浜東北線,港南台,4.5
ＪＲ京浜東北線,本郷台,5.0
ＪＲ京浜東北線,大船,5.5
ＪＲ東海道本線,東京,9.3
ＪＲ東海道本線,新橋,11.4
ＪＲ東海道本線,品川,9.1
ＪＲ東海道本線,川崎,6.5
ＪＲ東海道本線,横浜,6.8
ＪＲ東海道本線,戸塚,5.1
ＪＲ東海道本線,大船,5.5
ＪＲ東海道本線,藤沢,5.9
ＪＲ東海道本線,辻堂,6.1
ＪＲ東海道本線,茅ケ崎,5.2
ＪＲ東海道本線,平塚,4.1
ＪＲ東海道本線,大磯,3.4
ＪＲ東海道本線,二宮,2.7
ＪＲ東海道本線,国府津,4.5
ＪＲ東海道本線,鴨宮,4.4
ＪＲ東海道本線,小田原,5.3
ＪＲ東海道本線,早川,4.3
ＪＲ東海道本線,根府川,3.6
ＪＲ東海道本線,真鶴,4.1
ＪＲ東海道本線,湯河原,5.6
ＪＲ常磐線,品川,9.1
ＪＲ常磐線,新橋,11.4
ＪＲ常磐線,東京,9.3
ＪＲ常磐線,上野,8.2
ＪＲ常磐線,日暮里,7.7
ＪＲ常磐線,三河島,7.7
ＪＲ常磐線,南千住,7.8
ＪＲ常磐線,北千住,7.2
ＪＲ常磐線,綾瀬,6.0
ＪＲ常磐線,亀有,6.1
ＪＲ常磐線,金町,5.4
ＪＲ常磐線,松戸,5.7
ＪＲ常磐線,北松戸,5.5
ＪＲ常磐線,馬橋,4.5
ＪＲ常磐線,新松戸,4.6
ＪＲ常磐線,北小金,4.4
ＪＲ常磐線,南柏,4.1
ＪＲ常磐線,柏,4.4
ＪＲ常磐線,北柏,4.2
ＪＲ常磐線,我孫子,4.7
ＪＲ常磐線,天王台,3.9
ＪＲ常磐線,取手,4.1
ＪＲ常磐線,藤代,2.9
ＪＲ常磐線,龍ケ崎市,2.9
ＪＲ常磐線,牛久,3.0
ＪＲ常磐線,ひたち野うしく,3.0
ＪＲ常磐線,荒川沖,3.5
ＪＲ常磐線,土浦,3.9
ＪＲ常磐線,神立,3.0
ＪＲ常磐線,高浜,2.5
ＪＲ常磐線,石岡,2.6
ＪＲ常磐線,羽鳥,2.8
ＪＲ常磐線,岩間,2.5
ＪＲ常磐線,友部,2.9
ＪＲ常磐線,内原,2.8
ＪＲ常磐線,赤塚,3.5
ＪＲ常磐線,偕楽園,3.8
ＪＲ常磐線,水戸,3.8
ＪＲ常磐線,勝田,4.7
ＪＲ常磐線,佐和,4.7
ＪＲ常磐線,東海,4.1
ＪＲ常磐線,大甕,3.5
ＪＲ常磐線,常陸多賀,3.5
ＪＲ常磐線,日立,3.4
ＪＲ常磐線,小木津,2.8
ＪＲ常磐線,十王,3.8
ＪＲ常磐線,高萩,1.9
ＪＲ常磐線,南中郷,1.9
ＪＲ常磐線,磯原,3.1
ＪＲ常磐線,大津港,4.0
ＪＲ南武線,川崎,6.5
ＪＲ南武線,尻手,6.8
ＪＲ南武線,八丁畷,6.1
ＪＲ南武線,川崎新町,6.7
ＪＲ南武線,小田栄,6.3
ＪＲ南武線,浜川崎,5.5
ＪＲ南武線,矢向,6.2
ＪＲ南武線,鹿島田,6.0
ＪＲ南武線,平間,5.7
ＪＲ南武線,向河原,6.5
ＪＲ南武線,武蔵小杉,6.3
ＪＲ南武線,武蔵中原,6.2
ＪＲ南武線,武蔵新城,6.0
ＪＲ南武線,武蔵溝ノ口,6.9
ＪＲ南武線,津田山,6.3
ＪＲ南武線,久地,5.5
ＪＲ南武線,宿河原,5.3
ＪＲ南武線,登戸,5.7
ＪＲ南武線,中野島,4.8
ＪＲ南武線,稲田堤,4.9
ＪＲ南武線,矢野口,4.1
ＪＲ南武線,稲城長沼,4.1
ＪＲ南武線,南多摩,4.0
ＪＲ南武線,府中本町,5.2
ＪＲ南武線,分倍河原,5.0
ＪＲ南武線,西府,4.1
ＪＲ南武線,谷保,5.0
ＪＲ南武線,矢川,5.3
ＪＲ南武線,西国立,5.2
ＪＲ南武線,立川,5.0
ＪＲ横浜線,東神奈川,6.1
ＪＲ横浜線,大口,5.1
ＪＲ横浜線,菊名,6.0
ＪＲ横浜線,新横浜,6.5
ＪＲ横浜線,小机,6.5
ＪＲ横浜線,鴨居,6.4
ＪＲ横浜線,中山,5.3
ＪＲ横浜線,十日市場,5.0
ＪＲ横浜線,長津田,5.5
ＪＲ横浜線,成瀬,6.3
ＪＲ横浜線,町田,4.6
ＪＲ横浜線,古淵,4.3
ＪＲ横浜線,淵野辺,3.6
ＪＲ横浜線,矢部,3.6
ＪＲ横浜線,相模原,3.6
ＪＲ横浜線,橋本,4.1
ＪＲ横浜線,相原,4.2
ＪＲ横浜線,八王子みなみ野,4.5
ＪＲ横浜線,片倉,4.0
ＪＲ横浜線,八王子,3.8
ＪＲ横須賀線,東京,9.3
ＪＲ横須賀線,新橋,11.4
ＪＲ横須賀線,品川,9.1
ＪＲ横須賀線,西大井,7.7
ＪＲ横須賀線,武蔵小杉,6.3
ＪＲ横須賀線,新川崎,6.0
ＪＲ横須賀線,横浜,6.8
ＪＲ横須賀線,保土ケ谷,4.8
ＪＲ横須賀線,東戸塚,5.2
ＪＲ横須賀線,戸塚,5.1
ＪＲ横須賀線,大船,5.5
ＪＲ横須賀線,北鎌倉,7.2
ＪＲ横須賀線,鎌倉,7.4
ＪＲ横須賀線,逗子,7.3
ＪＲ横須賀線,田浦,4.8
ＪＲ横須賀線,横須賀,5.0
ＪＲ横須賀線,衣笠,2.6
ＪＲ横須賀線,久里浜,5.2
ＪＲ中央線,東京,9.3
ＪＲ中央線,神田,10.1
ＪＲ中央線,御茶ノ水,9.2
ＪＲ中央線,水道橋,9.2
ＪＲ中央線,飯田橋,9.6
ＪＲ中央線,市ケ谷,9.7
ＪＲ中央線,四ツ谷,10.0
ＪＲ中央線,信濃町,8.8
ＪＲ中央線,千駄ケ谷,9.7
ＪＲ中央線,代々木,10.1
ＪＲ中央線,新宿,8.2
ＪＲ中央線,大久保,7.7
ＪＲ中央線,東中野,7.5
ＪＲ中央線,中野,7.2
ＪＲ中央線,高円寺,7.0
ＪＲ中央線,阿佐ケ谷,6.7
ＪＲ中央線,荻窪,6.6
ＪＲ中央線,西荻窪,6.6
ＪＲ中央線,吉祥寺,6.5
ＪＲ中央線,三鷹,6.5
ＪＲ中央線,武蔵境,6.2
ＪＲ中央線,東小金井,5.8
ＪＲ中央線,武蔵小金井,5.3
ＪＲ中央線,国分寺,5.2
ＪＲ中央線,西国分寺,5.0
ＪＲ中央線,国立,4.8
ＪＲ中央線,立川,5.0
ＪＲ中央線,日野,3.9
ＪＲ中央線,豊田,4.1
ＪＲ中央線,八王子,3.8
ＪＲ中央線,西八王子,3.5
ＪＲ中央線,高尾,3.7
ＪＲ中央線,相模湖,1.8
ＪＲ中央線,藤野,3.7
ＪＲ青梅線,立川,5.0
ＪＲ青梅線,西立川,4.9
ＪＲ青梅線,東中神,5.2
ＪＲ青梅線,中神,5.5
ＪＲ青梅線,昭島,5.2
ＪＲ青梅線,拝島,4.5
ＪＲ青梅線,牛浜,3.5
ＪＲ青梅線,福生,3.5
ＪＲ青梅線,羽村,4.9
ＪＲ青梅線,小作,4.6
ＪＲ青梅線,河辺,3.2
ＪＲ青梅線,東青梅,3.0
ＪＲ青梅線,青梅,2.6
ＪＲ青梅線,宮ノ平,2.7
ＪＲ青梅線,日向和田,2.9
ＪＲ青梅線,石神前,4.0
ＪＲ青梅線,二俣尾,4.0
ＪＲ青梅線,軍畑,4.0
ＪＲ青梅線,沢井,4.0
ＪＲ青梅線,御嶽,4.0
ＪＲ青梅線,川井,4.0
ＪＲ青梅線,古里,4.0
ＪＲ青梅線,鳩ノ巣,4.0
ＪＲ青梅線,奥多摩,4.0
ＪＲ五日市線,拝島,4.5
ＪＲ五日市線,熊川,3.6
ＪＲ五日市線,東秋留,4.6
ＪＲ五日市線,秋川,4.8
ＪＲ五日市線,武蔵引田,4.7
ＪＲ五日市線,武蔵増戸,3.3
ＪＲ五日市線,武蔵五日市,3.0
ＪＲ武蔵野線,府中本町,5.2
ＪＲ武蔵野線,北府中,5.0
ＪＲ武蔵野線,西国分寺,5.0
ＪＲ武蔵野線,新小平,4.8
ＪＲ武蔵野線,新秋津,4.1
ＪＲ武蔵野線,東所沢,4.4
ＪＲ武蔵野線,新座,4.0
ＪＲ武蔵野線,北朝霞,4.7
ＪＲ武蔵野線,西浦和,4.6
ＪＲ武蔵野線,武蔵浦和,4.9
ＪＲ武蔵野線,南浦和,5.2
ＪＲ武蔵野線,東浦和,5.7
ＪＲ武蔵野線,東川口,6.0
ＪＲ武蔵野線,南越谷,5.0
ＪＲ武蔵野線,越谷レイクタウン,6.1
ＪＲ武蔵野線,吉川,5.8
ＪＲ武蔵野線,吉川美南,5.5
ＪＲ武蔵野線,新三郷,5.2
ＪＲ武蔵野線,三郷,6.5
ＪＲ武蔵野線,南流山,5.0
ＪＲ武蔵野線,新松戸,4.6
ＪＲ武蔵野線,新八柱,5.0
ＪＲ武蔵野線,東松戸,6.3
ＪＲ武蔵野線,市川大野,4.5
ＪＲ武蔵野線,船橋法典,5.3
ＪＲ武蔵野線,西船橋,6.1
ＪＲ八高線,八王子,3.8
ＪＲ八高線,北八王子,3.2
ＪＲ八高線,小宮,3.2
ＪＲ八高線,拝島,4.5
ＪＲ八高線,東福生,3.5
ＪＲ八高線,箱根ケ崎,3.8
ＪＲ八高線,金子,2.9
ＪＲ八高線,東飯能,3.7
ＪＲ八高線,高麗川,5.0
ＪＲ八高線,毛呂,3.2
ＪＲ八高線,越生,3.8
ＪＲ八高線,明覚,3.8
ＪＲ八高線,小川町,3.8
ＪＲ八高線,竹沢,3.3
ＪＲ八高線,折原,4.0
ＪＲ八高線,寄居,4.5
ＪＲ八高線,用土,4.0
ＪＲ八高線,松久,2.8
ＪＲ八高線,児玉,3.6
ＪＲ八高線,丹荘,3.4
ＪＲ八高線,群馬藤岡,2.0
ＪＲ八高線,北藤岡,3.3
ＪＲ八高線,倉賀野,4.3
ＪＲ八高線,高崎,4.5
ＪＲ埼京線,羽沢横浜国大,3.9
ＪＲ埼京線,武蔵小杉,6.3
ＪＲ埼京線,西大井,7.7
ＪＲ埼京線,大崎,8.2
ＪＲ埼京線,恵比寿,11.0
ＪＲ埼京線,渋谷,11.0
ＪＲ埼京線,新宿,8.2
ＪＲ埼京線,池袋,7.3
ＪＲ埼京線,板橋,6.8
ＪＲ埼京線,十条,6.5
ＪＲ埼京線,赤羽,7.0
ＪＲ埼京線,北赤羽,6.4
ＪＲ埼京線,浮間舟渡,6.1
ＪＲ埼京線,戸田公園,5.0
ＪＲ埼京線,戸田,5.3
ＪＲ埼京線,北戸田,5.4
ＪＲ埼京線,武蔵浦和,4.9
ＪＲ埼京線,中浦和,4.9
ＪＲ埼京線,南与野,5.0
ＪＲ埼京線,与野本町,5.1
ＪＲ埼京線,北与野,6.3
ＪＲ埼京線,大宮,6.5
ＪＲ高崎線,東京,9.3
ＪＲ高崎線,上野,8.2
ＪＲ高崎線,尾久,6.7
ＪＲ高崎線,赤羽,7.0
ＪＲ高崎線,浦和,5.7
ＪＲ高崎線,さいたま新都心,6.5
ＪＲ高崎線,大宮,6.5
ＪＲ高崎線,宮原,4.3
ＪＲ高崎線,上尾,5.0
ＪＲ高崎線,北上尾,5.0
ＪＲ高崎線,桶川,4.2
ＪＲ高崎線,北本,4.0
ＪＲ高崎線,鴻巣,3.9
ＪＲ高崎線,北鴻巣,3.6
ＪＲ高崎線,吹上,3.6
ＪＲ高崎線,行田,2.9
ＪＲ高崎線,熊谷,3.3
ＪＲ高崎線,籠原,3.8
ＪＲ高崎線,深谷,4.3
ＪＲ高崎線,岡部,3.2
ＪＲ高崎線,本庄,4.4
ＪＲ高崎線,神保原,3.6
ＪＲ高崎線,新町,3.3
ＪＲ高崎線,倉賀野,4.3
ＪＲ高崎線,高崎,4.5
ＪＲ宇都宮線,東京,9.3
ＪＲ宇都宮線,上野,8.2
ＪＲ宇都宮線,尾久,6.7
ＪＲ宇都宮線,赤羽,7.0
ＪＲ宇都宮線,浦和,5.7
ＪＲ宇都宮線,さいたま新都心,6.5
ＪＲ宇都宮線,大宮,6.5
ＪＲ宇都宮線,土呂,4.4
ＪＲ宇都宮線,東大宮,4.4
ＪＲ宇都宮線,蓮田,5.1
ＪＲ宇都宮線,白岡,5.6
ＪＲ宇都宮線,新白岡,5.5
ＪＲ宇都宮線,久喜,4.0
ＪＲ宇都宮線,東鷲宮,4.0
ＪＲ宇都宮線,栗橋,3.7
ＪＲ宇都宮線,古河,3.2
ＪＲ宇都宮線,野木,3.6
ＪＲ宇都宮線,間々田,3.2
ＪＲ宇都宮線,小山,2.8
ＪＲ宇都宮線,小金井,3.2
ＪＲ宇都宮線,自治医大,3.5
ＪＲ宇都宮線,石橋,3.6
ＪＲ宇都宮線,雀宮,4.7
ＪＲ宇都宮線,宇都宮,4.4
ＪＲ宇都宮線,岡本,4.6
ＪＲ宇都宮線,宝積寺,4.7
ＪＲ宇都宮線,氏家,3.6
ＪＲ宇都宮線,蒲須坂,3.3
ＪＲ宇都宮線,片岡,2.9
ＪＲ宇都宮線,矢板,2.5
ＪＲ総武線,千葉,6.0
ＪＲ総武線,西千葉,4.5
ＪＲ総武線,稲毛,5.5
ＪＲ総武線,新検見川,4.6
ＪＲ総武線,幕張,6.3
ＪＲ総武線,幕張本郷,4.1
ＪＲ総武線,津田沼,4.8
ＪＲ総武線,東船橋,4.9
ＪＲ総武線,船橋,6.0
ＪＲ総武線,西船橋,6.1
ＪＲ総武線,下総中山,5.1
ＪＲ総武線,本八幡,6.0
ＪＲ総武線,市川,6.4
ＪＲ総武線,小岩,6.0
ＪＲ総武線,新小岩,6.3
ＪＲ総武線,平井,6.2
ＪＲ総武線,亀戸,7.5
ＪＲ総武線,錦糸町,8.3
ＪＲ総武線,両国,8.5
ＪＲ総武線,浅草橋,9.2
ＪＲ総武線,秋葉原,9.5
ＪＲ総武線,御茶ノ水,9.2
ＪＲ総武線,水道橋,9.2
ＪＲ総武線,飯田橋,9.6
ＪＲ総武線,市ケ谷,9.7
ＪＲ総武線,四ツ谷,10.0
ＪＲ総武線,信濃町,8.8
ＪＲ総武線,千駄ケ谷,9.7
ＪＲ総武線,代々木,10.1
ＪＲ総武線,新宿,8.2
ＪＲ総武線,大久保,7.7
ＪＲ総武線,東中野,7.5
ＪＲ総武線,中野,7.2
ＪＲ総武線,高円寺,7.0
ＪＲ総武線,阿佐ケ谷,6.7
ＪＲ総武線,荻窪,6.6
ＪＲ総武線,西荻窪,6.6
ＪＲ総武線,吉祥寺,6.5
ＪＲ総武線,三鷹,6.5
ＪＲ総武線快速,東京,9.3
ＪＲ総武線快速,新日本橋,9.7
ＪＲ総武線快速,馬喰町,9.2
ＪＲ総武線快速,錦糸町,8.3
ＪＲ総武線快速,新小岩,6.3
ＪＲ総武線快速,市川,6.4
ＪＲ総武線快速,船橋,6.0
ＪＲ総武線快速,津田沼,4.8
ＪＲ総武線快速,稲毛,5.5
ＪＲ総武線快速,千葉,6.0
ＪＲ京葉線,東京,9.3
ＪＲ京葉線,八丁堀,10.3
ＪＲ京葉線,越中島,9.0
ＪＲ京葉線,潮見,7.9
ＪＲ京葉線,新木場,9.3
ＪＲ京葉線,葛西臨海公園,5.6
ＪＲ京葉線,舞浜,5.0
ＪＲ京葉線,新浦安,5.2
ＪＲ京葉線,市川塩浜,4.8
ＪＲ京葉線,西船橋,6.1
ＪＲ京葉線,二俣新町,4.4
ＪＲ京葉線,南船橋,4.7
ＪＲ京葉線,新習志野,6.0
ＪＲ京葉線,幕張豊砂,6.9
ＪＲ京葉線,海浜幕張,6.0
ＪＲ京葉線,検見川浜,5.5
ＪＲ京葉線,稲毛海岸,6.4
ＪＲ京葉線,千葉みなと,6.3
ＪＲ京葉線,蘇我,5.3
湘南新宿ライン宇須,宇都宮,4.4
湘南新宿ライン宇須,雀宮,4.7
湘南新宿ライン宇須,石橋,3.6
湘南新宿ライン宇須,自治医大,3.5
湘南新宿ライン宇須,小金井,3.2
湘南新宿ライン宇須,小山,2.8
湘南新宿ライン宇須,間々田,3.2
湘南新宿ライン宇須,野木,3.6
湘南新宿ライン宇須,古河,3.2
湘南新宿ライン宇須,栗橋,3.7
湘南新宿ライン宇須,東鷲宮,4.0
湘南新宿ライン宇須,久喜,4.0
湘南新宿ライン宇須,新白岡,5.5
湘南新宿ライン宇須,白岡,5.6
湘南新宿ライン宇須,蓮田,5.1
湘南新宿ライン宇須,東大宮,4.4
湘南新宿ライン宇須,土呂,4.4
湘南新宿ライン宇須,大宮,6.5
湘南新宿ライン宇須,浦和,5.7
湘南新宿ライン宇須,赤羽,7.0
湘南新宿ライン宇須,池袋,7.3
湘南新宿ライン宇須,新宿,8.2
湘南新宿ライン宇須,渋谷,11.0
湘南新宿ライン宇須,恵比寿,11.0
湘南新宿ライン宇須,大崎,8.2
湘南新宿ライン宇須,西大井,7.7
湘南新宿ライン宇須,武蔵小杉,6.3
湘南新宿ライン宇須,新川崎,6.0
湘南新宿ライン宇須,横浜,6.8
湘南新宿ライン宇須,保土ケ谷,4.8
湘南新宿ライン宇須,東戸塚,5.2
湘南新宿ライン宇須,戸塚,5.1
湘南新宿ライン宇須,大船,5.5
湘南新宿ライン宇須,北鎌倉,7.2
湘南新宿ライン宇須,鎌倉,7.4
湘南新宿ライン宇須,逗子,7.3
湘南新宿ライン高海,前橋,3.4
湘南新宿ライン高海,新前橋,3.5
湘南新宿ライン高海,井野,3.5
湘南新宿ライン高海,高崎問屋町,4.0
湘南新宿ライン高海,高崎,4.5
湘南新宿ライン高海,倉賀野,4.3
湘南新宿ライン高海,新町,3.3
湘南新宿ライン高海,神保原,3.6
湘南新宿ライン高海,本庄,4.4
湘南新宿ライン高海,岡部,3.2
湘南新宿ライン高海,深谷,4.3
湘南新宿ライン高海,籠原,3.8
湘南新宿ライン高海,熊谷,3.3
湘南新宿ライン高海,行田,2.9
湘南新宿ライン高海,吹上,3.6
湘南新宿ライン高海,北鴻巣,3.6
湘南新宿ライン高海,鴻巣,3.9
湘南新宿ライン高海,北本,4.0
湘南新宿ライン高海,桶川,4.2
湘南新宿ライン高海,北上尾,5.0
湘南新宿ライン高海,上尾,5.0
湘南新宿ライン高海,宮原,4.3
湘南新宿ライン高海,大宮,6.5
湘南新宿ライン高海,浦和,5.7
湘南新宿ライン高海,赤羽,7.0
湘南新宿ライン高海,池袋,7.3
湘南新宿ライン高海,新宿,8.2
湘南新宿ライン高海,渋谷,11.0
湘南新宿ライン高海,恵比寿,11.0
湘南新宿ライン高海,大崎,8.2
湘南新宿ライン高海,武蔵小杉,6.3
湘南新宿ライン高海,横浜,6.8
湘南新宿ライン高海,戸塚,5.1
湘南新宿ライン高海,大船,5.5
湘南新宿ライン高海,藤沢,5.9
湘南新宿ライン高海,辻堂,6.1
湘南新宿ライン高海,茅ケ崎,5.2
湘南新宿ライン高海,平塚,4.1
湘南新宿ライン高海,大磯,3.4
湘南新宿ライン高海,二宮,2.7
湘南新宿ライン高海,国府津,4.5
湘南新宿ライン高海,鴨宮,4.4
湘南新宿ライン高海,小田原,5.3
東海道新幹線,東京,9.3
東海道新幹線,品川,9.1
東海道新幹線,新横浜,6.5
東海道新幹線,小田原,5.3
上越新幹線,東京,9.3
上越新幹線,上野,8.2
上越新幹線,大宮,6.5
上越新幹線,熊谷,3.3
上越新幹線,本庄早稲田,3.2
上越新幹線,高崎,4.5
上越新幹線,上毛高原,4.0
北陸新幹線,東京,9.3
北陸新幹線,上野,8.2
北陸新幹線,大宮,6.5
北陸新幹線,熊谷,3.3
北陸新幹線,本庄早稲田,3.2
北陸新幹線,高崎,4.5
北陸新幹線,安中榛名,3.7
東北新幹線,東京,9.3
東北新幹線,上野,8.2
東北新幹線,大宮,6.5
東北新幹線,小山,2.8
東北新幹線,宇都宮,4.4
東京メトロ銀座線,渋谷,11.0
東京メトロ銀座線,表参道,11.9
東京メトロ銀座線,外苑前,10.0
東京メトロ銀座線,青山一丁目,9.5
東京メトロ銀座線,赤坂見附,13.6
東京メトロ銀座線,溜池山王,12.8
東京メトロ銀座線,虎ノ門,11.5
東京メトロ銀座線,新橋,11.4
東京メトロ銀座線,銀座,11.1
東京メトロ銀座線,京橋,10.0
東京メトロ銀座線,日本橋,9.4
東京メトロ銀座線,三越前,9.6
東京メトロ銀座線,神田,10.1
東京メトロ銀座線,末広町,10.3
東京メトロ銀座線,上野広小路,10.0
東京メトロ銀座線,上野,8.2
東京メトロ銀座線,稲荷町,8.5
東京メトロ銀座線,田原町,8.5
東京メトロ銀座線,浅草,8.2
東京メトロ丸ノ内線,池袋,7.3
東京メトロ丸ノ内線,新大塚,7.8
東京メトロ丸ノ内線,茗荷谷,8.0
東京メトロ丸ノ内線,後楽園,8.8
東京メトロ丸ノ内線,本郷三丁目,8.5
東京メトロ丸ノ内線,御茶ノ水,9.2
東京メトロ丸ノ内線,淡路町,10.7
東京メトロ丸ノ内線,大手町,12.2
東京メトロ丸ノ内線,東京,9.3
東京メトロ丸ノ内線,銀座,11.1
東京メトロ丸ノ内線,霞ケ関,11.1
東京メトロ丸ノ内線,国会議事堂前,11.1
東京メトロ丸ノ内線,赤坂見附,13.6
東京メトロ丸ノ内線,四ツ谷,10.0
東京メトロ丸ノ内線,四谷三丁目,9.1
東京メトロ丸ノ内線,新宿御苑前,9.4
東京メトロ丸ノ内線,新宿三丁目,9.2
東京メトロ丸ノ内線,新宿,8.2
東京メトロ丸ノ内線,西新宿,7.9
東京メトロ丸ノ内線,中野坂上,7.5
東京メトロ丸ノ内線,中野新橋,7.3
東京メトロ丸ノ内線,中野富士見町,6.8
東京メトロ丸ノ内線,方南町,6.7
東京メトロ丸ノ内線,新中野,7.5
東京メトロ丸ノ内線,東高円寺,7.0
東京メトロ丸ノ内線,新高円寺,7.0
東京メトロ丸ノ内線,南阿佐ケ谷,6.8
東京メトロ丸ノ内線,荻窪,6.6
東京メトロ日比谷線,中目黒,9.5
東京メトロ日比谷線,恵比寿,11.0
東京メトロ日比谷線,広尾,11.3
東京メトロ日比谷線,六本木,11.7
東京メトロ日比谷線,神谷町,11.9
東京メトロ日比谷線,虎ノ門ヒルズ,11.8
東京メトロ日比谷線,霞ケ関,11.1
東京メトロ日比谷線,日比谷,8.6
東京メトロ日比谷線,銀座,11.1
東京メトロ日比谷線,東銀座,10.7
東京メトロ日比谷線,築地,9.8
東京メトロ日比谷線,八丁堀,10.3
東京メトロ日比谷線,茅場町,9.7
東京メトロ日比谷線,人形町,9.6
東京メトロ日比谷線,小伝馬町,9.5
東京メトロ日比谷線,秋葉原,9.5
東京メトロ日比谷線,仲御徒町,9.9
東京メトロ日比谷線,上野,8.2
東京メトロ日比谷線,入谷,7.7
東京メトロ日比谷線,三ノ輪,7.7
東京メトロ日比谷線,南千住,7.8
東京メトロ日比谷線,北千住,7.2
東京メトロ東西線,中野,7.2
東京メトロ東西線,落合,7.3
東京メトロ東西線,高田馬場,7.6
東京メトロ東西線,早稲田,7.6
東京メトロ東西線,神楽坂,8.6
東京メトロ東西線,飯田橋,9.6
東京メトロ東西線,九段下,10.5
東京メトロ東西線,竹橋,10.9
東京メトロ東西線,大手町,12.2
東京メトロ東西線,日本橋,9.4
東京メトロ東西線,茅場町,9.7
東京メトロ東西線,門前仲町,8.8
東京メトロ東西線,木場,8.8
東京メトロ東西線,東陽町,8.5
東京メトロ東西線,南砂町,7.8
東京メトロ東西線,西葛西,5.8
東京メトロ東西線,葛西,5.9
東京メトロ東西線,浦安,5.3
東京メトロ東西線,南行徳,5.2
東京メトロ東西線,行徳,5.1
東京メトロ東西線,妙典,5.6
東京メトロ東西線,原木中山,5.3
東京メトロ東西線,西船橋,6.1
東京メトロ千代田線,代々木上原,8.5
東京メトロ千代田線,代々木公園,9.7
東京メトロ千代田線,明治神宮前,12.2
東京メトロ千代田線,表参道,11.9
東京メトロ千代田線,乃木坂,10.9
東京メトロ千代田線,赤坂,11.4
東京メトロ千代田線,国会議事堂前,11.1
東京メトロ千代田線,霞ケ関,11.1
東京メトロ千代田線,日比谷,8.6
東京メトロ千代田線,二重橋前,4.0
東京メトロ千代田線,大手町,12.2
東京メトロ千代田線,新御茶ノ水,9.3
東京メトロ千代田線,湯島,9.2
東京メトロ千代田線,根津,7.2
東京メトロ千代田線,千駄木,7.0
東京メトロ千代田線,西日暮里,7.2
東京メトロ千代田線,町屋,6.8
東京メトロ千代田線,北千住,7.2
東京メトロ千代田線,綾瀬,6.0
東京メトロ千代田線,北綾瀬,6.0
東京メトロ有楽町線,新木場,9.3
東京メトロ有楽町線,辰巳,9.3
東京メトロ有楽町線,豊洲,9.9
東京メトロ有楽町線,月島,10.3
東京メトロ有楽町線,新富町,9.9
東京メトロ有楽町線,銀座一丁目,10.4
東京メトロ有楽町線,有楽町,11.8
東京メトロ有楽町線,桜田門,4.0
東京メトロ有楽町線,永田町,13.4
東京メトロ有楽町線,麹町,12.5
東京メトロ有楽町線,市ケ谷,9.7
東京メトロ有楽町線,飯田橋,9.6
東京メトロ有楽町線,江戸川橋,8.0
東京メトロ有楽町線,護国寺,7.4
東京メトロ有楽町線,東池袋,7.3
東京メトロ有楽町線,池袋,7.3
東京メトロ有楽町線,要町,6.7
東京メトロ有楽町線,千川,6.4
東京メトロ有楽町線,小竹向原,6.7
東京メトロ有楽町線,氷川台,6.0
東京メトロ有楽町線,平和台,6.6
東京メトロ有楽町線,地下鉄赤塚,6.8
東京メトロ有楽町線,地下鉄成増,5.5
東京メトロ有楽町線,和光市,5.5
東京メトロ半蔵門線,渋谷,11.0
東京メトロ半蔵門線,表参道,11.9
東京メトロ半蔵門線,青山一丁目,9.5
東京メトロ半蔵門線,永田町,13.4
東京メトロ半蔵門線,半蔵門,11.7
東京メトロ半蔵門線,九段下,10.5
東京メトロ半蔵門線,神保町,9.7
東京メトロ半蔵門線,大手町,12.2
東京メトロ半蔵門線,三越前,9.6
東京メトロ半蔵門線,水天宮前,9.8
東京メトロ半蔵門線,清澄白河,8.4
東京メトロ半蔵門線,住吉,8.3
東京メトロ半蔵門線,錦糸町,8.4
東京メトロ半蔵門線,押上,7.8
東京メトロ南北線,目黒,9.9
東京メトロ南北線,白金台,11.3
東京メトロ南北線,白金高輪,11.0
東京メトロ南北線,麻布十番,11.7
東京メトロ南北線,六本木一丁目,12.7
東京メトロ南北線,溜池山王,12.8
東京メトロ南北線,永田町,13.4
東京メトロ南北線,四ツ谷,10.0
東京メトロ南北線,市ケ谷,9.7
東京メトロ南北線,飯田橋,9.6
東京メトロ南北線,後楽園,8.8
東京メトロ南北線,東大前,7.5
東京メトロ南北線,本駒込,7.7
東京メトロ南北線,駒込,7.3
東京メトロ南北線,西ケ原,6.6
東京メトロ南北線,王子,6.7
東京メトロ南北線,王子神谷,6.5
東京メトロ南北線,志茂,6.4
東京メトロ南北線,赤羽岩淵,6.8
東京メトロ副都心線,渋谷,11.0
東京メトロ副都心線,明治神宮前,12.2
東京メトロ副都心線,北参道,11.1
東京メトロ副都心線,新宿三丁目,9.2
東京メトロ副都心線,東新宿,9.0
東京メトロ副都心線,西早稲田,7.5
東京メトロ副都心線,雑司が谷,7.2
東京メトロ副都心線,池袋,7.3
東京メトロ副都心線,要町,6.7
東京メトロ副都心線,千川,6.4
東京メトロ副都心線,小竹向原,6.7
東京メトロ副都心線,氷川台,6.0
東京メトロ副都心線,平和台,6.6
東京メトロ副都心線,地下鉄赤塚,6.8
東京メトロ副都心線,地下鉄成増,5.5
東京メトロ副都心線,和光市,5.5
西武有楽町線,小竹向原,6.7
西武有楽町線,新桜台,6.7
西武有楽町線,練馬,6.4
西武新宿線,西武新宿,8.9
西武新宿線,高田馬場,7.6
西武新宿線,下落合,7.2
西武新宿線,中井,7.0
西武新宿線,新井薬師前,7.0
西武新宿線,沼袋,6.8
西武新宿線,野方,6.4
西武新宿線,都立家政,6.3
西武新宿線,鷺ノ宮,6.4
西武新宿線,下井草,5.9
西武新宿線,井荻,6.0
西武新宿線,上井草,5.6
西武新宿線,上石神井,5.8
西武新宿線,武蔵関,5.7
西武新宿線,東伏見,5.5
西武新宿線,西武柳沢,5.4
西武新宿線,田無,5.2
西武新宿線,花小金井,4.6
西武新宿線,小平,4.4
西武新宿線,久米川,3.9
西武新宿線,東村山,3.9
西武新宿線,所沢,4.3
西武新宿線,航空公園,4.0
西武新宿線,新所沢,3.7
西武新宿線,入曽,3.9
西武新宿線,狭山市,3.0
西武新宿線,新狭山,2.7
西武新宿線,南大塚,2.8
西武新宿線,本川越,5.2
西武池袋線,池袋,7.3
西武池袋線,椎名町,6.5
西武池袋線,東長崎,6.4
西武池袋線,江古田,6.3
西武池袋線,桜台,6.5
西武池袋線,練馬,6.4
西武池袋線,中村橋,6.4
西武池袋線,富士見台,6.7
西武池袋線,練馬高野台,6.8
西武池袋線,石神井公園,6.3
西武池袋線,大泉学園,6.0
西武池袋線,保谷,5.3
西武池袋線,ひばりヶ丘,4.9
西武池袋線,東久留米,4.7
西武池袋線,清瀬,4.5
西武池袋線,秋津,4.2
西武池袋線,所沢,4.3
西武池袋線,西所沢,4.0
西武池袋線,小手指,3.7
西武池袋線,狭山ヶ丘,3.8
西武池袋線,武蔵藤沢,4.7
西武池袋線,稲荷山公園,3.7
西武池袋線,入間市,3.5
西武池袋線,仏子,3.2
西武池袋線,元加治,3.1
西武池袋線,飯能,3.8
西武池袋線,東飯能,3.7
西武池袋線,高麗,3.0
西武池袋線,武蔵横手,4.0
西武池袋線,東吾野,4.0
西武拝島線,小平,4.4
西武拝島線,萩山,4.0
西武拝島線,小川,4.8
西武拝島線,東大和市,4.4
西武拝島線,玉川上水,4.3
西武拝島線,武蔵砂川,3.8
西武拝島線,西武立川,4.5
西武拝島線,拝島,4.5
西武山口線,西武球場前,2.4
西武山口線,西武園ゆうえんち,2.4
西武山口線,多摩湖,2.9
西武国分寺線,国分寺,5.2
西武国分寺線,恋ヶ窪,5.0
西武国分寺線,鷹の台,3.7
西武国分寺線,小川,4.8
西武国分寺線,東村山,3.9
西武多摩川線,武蔵境,6.2
西武多摩川線,新小金井,5.6
西武多摩川線,多磨,4.7
西武多摩川線,白糸台,4.7
西武多摩川線,競艇場前,4.0
西武多摩川線,是政,4.0
西武多摩湖線,国分寺,5.2
西武多摩湖線,一橋学園,4.3
西武多摩湖線,青梅街道,4.6
西武多摩湖線,萩山,4.0
西武多摩湖線,八坂,4.0
西武多摩湖線,武蔵大和,3.7
西武多摩湖線,多摩湖,2.9
西武西武園線,西武園,3.6
西武豊島線,豊島園,6.5
東武東上線,池袋,7.3
東武東上線,北池袋,7.0
東武東上線,下板橋,7.2
東武東上線,大山,7.0
東武東上線,中板橋,6.7
東武東上線,ときわ台,6.5
東武東上線,上板橋,6.0
東武東上線,東武練馬,6.0
東武東上線,下赤塚,6.7
東武東上線,成増,5.5
東武東上線,和光市,5.5
東武東上線,朝霞,4.7
東武東上線,朝霞台,4.6
東武東上線,志木,4.8
東武東上線,柳瀬川,4.4
東武東上線,みずほ台,3.8
東武東上線,鶴瀬,4.0
東武東上線,ふじみ野,4.1
東武東上線,上福岡,3.8
東武東上線,新河岸,3.3
東武東上線,川越,5.0
東武東上線,川越市,5.3
東武東上線,霞ヶ関,3.1
東武東上線,鶴ヶ島,3.1
東武東上線,若葉,3.0
東武東上線,坂戸,3.3
東武東上線,北坂戸,2.9
東武東上線,高坂,4.4
東武東上線,東松山,4.4
東武東上線,森林公園,4.1
東武東上線,つきのわ,4.7
東武東上線,武蔵嵐山,2.2
東武東上線,小川町,3.8
東武東上線,東武竹沢,3.3
東武東上線,みなみ寄居,4.0
東武東上線,男衾,4.0
東武東上線,鉢形,4.0
東武東上線,玉淀,4.4
東武東上線,寄居,4.5
東武伊勢崎線,浅草,8.2
東武伊勢崎線,とうきょうスカイツリー,7.9
東武伊勢崎線,押上,7.8
東武伊勢崎線,曳舟,7.6
東武伊勢崎線,東向島,7.3
東武伊勢崎線,鐘ヶ淵,7.5
東武伊勢崎線,堀切,6.0
東武伊勢崎線,牛田,7.1
東武伊勢崎線,北千住,7.2
東武伊勢崎線,小菅,6.4
東武伊勢崎線,五反野,6.3
東武伊勢崎線,梅島,6.3
東武伊勢崎線,西新井,6.2
東武伊勢崎線,竹ノ塚,6.2
東武伊勢崎線,谷塚,5.5
東武伊勢崎線,草加,4.9
東武伊勢崎線,獨協大学前,4.0
東武伊勢崎線,新田,3.7
東武伊勢崎線,蒲生,4.4
東武伊勢崎線,新越谷,5.0
東武伊勢崎線,越谷,5.0
東武伊勢崎線,北越谷,4.8
東武伊勢崎線,大袋,4.1
東武伊勢崎線,せんげん台,4.2
東武伊勢崎線,武里,4.1
東武伊勢崎線,一ノ割,4.2
東武伊勢崎線,春日部,4.8
東武伊勢崎線,北春日部,4.8
東武伊勢崎線,姫宮,3.1
東武伊勢崎線,東武動物公園,3.2
東武伊勢崎線,和戸,4.6
東武伊勢崎線,久喜,4.0
東武伊勢崎線,鷲宮,4.1
東武伊勢崎線,花崎,3.5
東武伊勢崎線,加須,4.1
東武伊勢崎線,南羽生,3.8
東武伊勢崎線,羽生,4.0
東武伊勢崎線,川俣,3.5
東武伊勢崎線,茂林寺前,1.5
東武伊勢崎線,館林,4.0
東武伊勢崎線,多々良,3.2
東武伊勢崎線,県,2.4
東武伊勢崎線,福居,3.3
東武伊勢崎線,東武和泉,3.8
東武伊勢崎線,足利市,3.8
東武伊勢崎線,野州山辺,2.5
東武伊勢崎線,韮川,3.2
東武伊勢崎線,太田,4.9
東武伊勢崎線,細谷,3.0
東武伊勢崎線,木崎,2.8
東武伊勢崎線,世良田,2.4
東武伊勢崎線,境町,2.5
東武伊勢崎線,剛志,3.3
東武伊勢崎線,新伊勢崎,3.4
東武伊勢崎線,伊勢崎,3.9
東武亀戸線,曳舟,7.6
東武亀戸線,小村井,7.0
東武亀戸線,東あずま,6.8
東武亀戸線,亀戸水神,7.3
東武亀戸線,亀戸,7.5
東武大師線,西新井,6.2
東武大師線,大師前,6.1
東急東横線,渋谷,11.0
東急東横線,代官山,11.5
東急東横線,中目黒,9.5
東急東横線,祐天寺,8.1
東急東横線,学芸大学,8.1
東急東横線,都立大学,8.7
東急東横線,自由が丘,7.9
東急東横線,田園調布,6.5
東急東横線,多摩川,6.3
東急東横線,新丸子,6.0
東急東横線,武蔵小杉,6.3
東急東横線,元住吉,6.3
東急東横線,日吉,6.0
東急東横線,綱島,6.0
東急東横線,大倉山,5.6
東急東横線,菊名,6.0
東急東横線,妙蓮寺,5.8
東急東横線,白楽,5.0
東急東横線,東白楽,5.6
東急東横線,反町,6.5
東急東横線,横浜,6.8
東急田園都市線,渋谷,11.0
東急田園都市線,池尻大橋,8.5
東急田園都市線,三軒茶屋,7.9
東急田園都市線,駒沢大学,7.9
東急田園都市線,桜新町,7.7
東急田園都市線,用賀,7.5
東急田園都市線,二子玉川,7.3
東急田園都市線,二子新地,6.9
東急田園都市線,高津,7.0
東急田園都市線,溝の口,7.0
東急田園都市線,梶が谷,6.2
東急田園都市線,宮崎台,6.0
東急田園都市線,宮前平,5.9
東急田園都市線,鷺沼,6.2
東急田園都市線,たまプラーザ,6.4
東急田園都市線,あざみ野,6.3
東急田園都市線,江田,5.6
東急田園都市線,市が尾,5.4
東急田園都市線,藤が丘,5.6
東急田園都市線,青葉台,5.3
東急田園都市線,田奈,5.1
東急田園都市線,長津田,5.5
東急田園都市線,つくし野,4.6
東急田園都市線,すずかけ台,4.4
東急田園都市線,南町田グランベリーパーク,4.5
東急田園都市線,つきみ野,4.5
東急田園都市線,中央林間,4.0
東急池上線,五反田,8.9
東急池上線,大崎広小路,8.9
東急池上線,戸越銀座,8.0
東急池上線,荏原中延,8.3
東急池上線,旗の台,7.6
東急池上線,長原,7.5
東急池上線,洗足池,6.9
東急池上線,石川台,7.5
東急池上線,雪が谷大塚,6.9
東急池上線,御嶽山,6.5
東急池上線,久が原,6.1
東急池上線,千鳥町,6.8
東急池上線,池上,6.8
東急池上線,蓮沼,7.0
東急池上線,蒲田,7.4
東急目黒線,目黒,9.9
東急目黒線,不動前,8.7
東急目黒線,武蔵小山,8.0
東急目黒線,西小山,8.0
東急目黒線,洗足,7.3
東急目黒線,大岡山,7.7
東急目黒線,奥沢,7.0
東急目黒線,田園調布,6.5
東急目黒線,多摩川,6.3
東急目黒線,新丸子,6.0
東急目黒線,武蔵小杉,6.3
東急目黒線,元住吉,6.3
東急目黒線,日吉,6.0
東急多摩川線,多摩川,6.3
東急多摩川線,沼部,6.5
東急多摩川線,鵜の木,6.2
東急多摩川線,下丸子,6.6
東急多摩川線,武蔵新田,6.7
東急多摩川線,矢口渡,6.7
東急多摩川線,蒲田,7.4
東急大井町線,大井町,7.9
東急大井町線,下神明,7.9
東急大井町線,戸越公園,8.3
東急大井町線,中延,8.1
東急大井町線,荏原町,7.5
東急大井町線,旗の台,7.6
東急大井町線,北千束,7.0
東急大井町線,大岡山,7.7
東急大井町線,緑が丘,8.0
東急大井町線,自由が丘,7.9
東急大井町線,九品仏,7.6
東急大井町線,尾山台,7.0
東急大井町線,等々力,6.7
東急大井町線,上野毛,7.5
東急大井町線,二子玉川,7.3
東急大井町線,二子新地,6.9
東急大井町線,高津,7.0
東急大井町線,溝の口,7.0
東急世田谷線,三軒茶屋,7.9
東急世田谷線,西太子堂,8.3
東急世田谷線,若林,7.5
東急世田谷線,松陰神社前,7.8
東急世田谷線,世田谷,7.2
東急世田谷線,上町,6.9
東急世田谷線,宮の坂,6.5
東急世田谷線,山下,6.0
東急世田谷線,松原,6.1
東急世田谷線,下高井戸,6.2
都営浅草線,西馬込,6.8
都営浅草線,馬込,7.1
都営浅草線,中延,8.1
都営浅草線,戸越,8.1
都営浅草線,五反田,8.9
都営浅草線,高輪台,10.2
都営浅草線,泉岳寺,10.1
都営浅草線,三田,10.6
都営浅草線,大門,11.0
都営浅草線,新橋,11.4
都営浅草線,東銀座,10.7
都営浅草線,宝町,10.2
都営浅草線,日本橋,9.4
都営浅草線,人形町,9.6
都営浅草線,東日本橋,9.0
都営浅草線,浅草橋,9.2
都営浅草線,蔵前,9.2
都営浅草線,浅草,8.2
都営浅草線,本所吾妻橋,8.0
都営浅草線,押上,7.8
都営三田線,目黒,9.9
都営三田線,白金台,11.3
都営三田線,白金高輪,11.0
都営三田線,三田,10.6
都営三田線,芝公園,10.6
都営三田線,御成門,11.2
都営三田線,内幸町,11.1
都営三田線,日比谷,8.6
都営三田線,大手町,12.2
都営三田線,神保町,9.7
都営三田線,水道橋,9.2
都営三田線,春日,8.3
都営三田線,白山,7.8
都営三田線,千石,8.0
都営三田線,巣鴨,7.7
都営三田線,西巣鴨,6.9
都営三田線,新板橋,6.7
都営三田線,板橋区役所前,7.0
都営三田線,板橋本町,6.5
都営三田線,本蓮沼,6.3
都営三田線,志村坂上,6.3
都営三田線,志村三丁目,6.5
都営三田線,蓮根,6.4
都営三田線,西台,5.8
都営三田線,高島平,5.3
都営三田線,新高島平,5.4
都営三田線,西高島平,5.4
都営新宿線,新宿,8.2
都営新宿線,新宿三丁目,9.2
都営新宿線,曙橋,9.1
都営新宿線,市ケ谷,9.7
都営新宿線,九段下,10.5
都営新宿線,神保町,9.7
都営新宿線,小川町,9.9
都営新宿線,岩本町,9.9
都営新宿線,馬喰横山,8.9
都営新宿線,浜町,9.4
都営新宿線,森下,8.3
都営新宿線,菊川,8.5
都営新宿線,住吉,8.3
都営新宿線,西大島,7.6
都営新宿線,大島,7.5
都営新宿線,東大島,6.8
都営新宿線,船堀,6.0
都営新宿線,一之江,5.8
都営新宿線,瑞江,6.0
都営新宿線,篠崎,6.2
都営新宿線,本八幡,6.0
都営大江戸線,新宿西口,9.7
都営大江戸線,東新宿,9.0
都営大江戸線,若松河田,8.2
都営大江戸線,牛込柳町,8.4
都営大江戸線,牛込神楽坂,8.9
都営大江戸線,飯田橋,9.6
都営大江戸線,春日,8.3
都営大江戸線,本郷三丁目,8.5
都営大江戸線,上野御徒町,10.7
都営大江戸線,新御徒町,9.0
都営大江戸線,蔵前,9.2
都営大江戸線,両国,8.6
都営大江戸線,森下,8.3
都営大江戸線,清澄白河,8.4
都営大江戸線,門前仲町,8.8
都営大江戸線,月島,10.3
都営大江戸線,勝どき,10.3
都営大江戸線,築地市場,9.1
都営大江戸線,汐留,11.4
都営大江戸線,大門,11.0
都営大江戸線,赤羽橋,11.3
都営大江戸線,麻布十番,11.7
都営大江戸線,六本木,11.7
都営大江戸線,青山一丁目,9.5
都営大江戸線,国立競技場,9.2
都営大江戸線,代々木,10.1
都営大江戸線,新宿,8.2
都営大江戸線,都庁前,8.0
都営大江戸線,西新宿五丁目,7.7
都営大江戸線,中野坂上,7.5
都営大江戸線,東中野,7.5
都営大江戸線,中井,7.0
都営大江戸線,落合南長崎,6.5
都営大江戸線,新江古田,6.3
都営大江戸線,練馬,6.4
都営大江戸線,豊島園,6.5
都営大江戸線,練馬春日町,6.8
都営大江戸線,光が丘,7.0
都電荒川線,早稲田,7.3
都電荒川線,面影橋,7.5
都電荒川線,学習院下,7.9
都電荒川線,鬼子母神前,7.0
都電荒川線,都電雑司ヶ谷,7.5
都電荒川線,東池袋四丁目,7.2
都電荒川線,向原,7.4
都電荒川線,大塚駅前,8.3
都電荒川線,巣鴨新田,7.6
都電荒川線,庚申塚,7.1
都電荒川線,新庚申塚,6.5
都電荒川線,西ヶ原四丁目,6.9
都電荒川線,滝野川一丁目,6.5
都電荒川線,飛鳥山,8.0
都電荒川線,王子駅前,7.0
都電荒川線,栄町,6.7
都電荒川線,梶原,6.0
都電荒川線,荒川車庫前,6.9
都電荒川線,荒川遊園地前,7.2
都電荒川線,小台,6.1
都電荒川線,宮ノ前,6.4
都電荒川線,熊野前,6.2
都電荒川線,東尾久三丁目,6.5
都電荒川線,町屋二丁目,6.9
都電荒川線,町屋駅前,7.1
都電荒川線,荒川七丁目,6.8
都電荒川線,荒川二丁目,7.4
都電荒川線,荒川区役所前,7.6
都電荒川線,荒川一中前,7.9
都電荒川線,三ノ輪橋,7.9
日暮里・舎人ライナー,日暮里,7.7
日暮里・舎人ライナー,西日暮里,7.2
日暮里・舎人ライナー,赤土小学校前,6.9
日暮里・舎人ライナー,熊野前,6.2
日暮里・舎人ライナー,足立小台,6.2
日暮里・舎人ライナー,扇大橋,5.8
日暮里・舎人ライナー,高野,5.7
日暮里・舎人ライナー,江北,6.5
日暮里・舎人ライナー,西新井大師西,5.9
日暮里・舎人ライナー,谷在家,5.0
日暮里・舎人ライナー,舎人公園,6.0
日暮里・舎人ライナー,舎人,6.5
日暮里・舎人ライナー,見沼代親水公園,5.7
京王井の頭線,渋谷,11.0
京王井の頭線,神泉,10.5
京王井の頭線,駒場東大前,9.0
京王井の頭線,池ノ上,8.5
京王井の頭線,下北沢,7.8
京王井の頭線,新代田,7.2
京王井の頭線,東松原,7.0
京王井の頭線,明大前,6.9
京王井の頭線,永福町,6.5
京王井の頭線,西永福,6.5
京王井の頭線,浜田山,6.2
京王井の頭線,高井戸,6.2
京王井の頭線,富士見ヶ丘,5.8
京王井の頭線,久我山,6.4
京王井の頭線,三鷹台,6.5
京王井の頭線,井の頭公園,6.8
京王井の頭線,吉祥寺,6.5
京王競馬場線,東府中,4.8
京王競馬場線,府中競馬正門前,4.8
京王新線,新宿,8.2
京王新線,初台,8.3
京王新線,幡ヶ谷,7.9
京王線,新宿,8.2
京王線,笹塚,7.7
京王線,代田橋,7.6
京王線,明大前,6.9
京王線,下高井戸,6.2
京王線,桜上水,6.2
京王線,上北沢,6.7
京王線,八幡山,7.2
京王線,芦花公園,7.0
京王線,千歳烏山,7.1
京王線,仙川,6.4
京王線,つつじヶ丘,5.8
京王線,柴崎,5.5
京王線,国領,5.8
京王線,布田,6.0
京王線,調布,5.5
京王線,西調布,5.0
京王線,飛田給,4.9
京王線,武蔵野台,4.9
京王線,多磨霊園,4.5
京王線,東府中,4.8
京王線,府中,4.9
京王線,分倍河原,5.0
京王線,中河原,4.3
京王線,聖蹟桜ヶ丘,4.0
京王線,百草園,4.0
京王線,高幡不動,3.7
京王線,南平,4.3
京王線,平山城址公園,4.9
京王線,長沼,3.4
京王線,北野,3.8
京王線,京王八王子,3.8
京王動物園線,多摩動物公園,3.0
京王相模原線,調布,5.5
京王相模原線,京王多摩川,5.1
京王相模原線,京王稲田堤,4.9
京王相模原線,京王よみうりランド,3.9
京王相模原線,稲城,4.2
京王相模原線,若葉台,4.9
京王相模原線,京王永山,4.0
京王相模原線,京王多摩センター,4.2
京王相模原線,京王堀之内,4.0
京王相模原線,南大沢,4.3
京王相模原線,多摩境,4.3
京王相模原線,橋本,4.1
京王高尾線,北野,3.8
京王高尾線,京王片倉,4.0
京王高尾線,山田,3.3
京王高尾線,めじろ台,3.3
京王高尾線,狭間,3.3
京王高尾線,高尾,3.7
京王高尾線,高尾山口,3.8
京成押上線,青砥,5.3
京成押上線,京成立石,5.7
京成押上線,四ツ木,5.8
京成押上線,八広,6.7
京成押上線,京成曳舟,6.9
京成押上線,押上,7.8
京成金町線,京成高砂,4.9
京成金町線,柴又,5.0
京成金町線,京成金町,5.5
京成本線,京成上野,7.5
京成本線,日暮里,7.7
京成本線,新三河島,7.0
京成本線,町屋,6.8
京成本線,千住大橋,7.2
京成本線,京成関屋,7.1
京成本線,堀切菖蒲園,5.3
京成本線,お花茶屋,5.5
京成本線,青砥,5.3
京成本線,京成高砂,4.9
京成本線,京成小岩,6.0
京成本線,江戸川,6.2
京成本線,国府台,6.5
京成本線,市川真間,6.5
京成本線,菅野,6.2
京成本線,京成八幡,6.1
京成本線,鬼越,5.5
京成本線,京成中山,5.3
京成本線,東中山,5.1
京成本線,京成西船,6.4
京成本線,海神,5.9
京成本線,京成船橋,5.9
京成本線,大神宮下,5.5
京成本線,船橋競馬場,5.0
京成本線,谷津,5.0
京成本線,京成津田沼,6.0
京成本線,京成大久保,4.0
京成本線,実籾,4.5
京成本線,八千代台,4.2
京成本線,京成大和田,4.5
京成本線,勝田台,5.1
京成本線,志津,3.5
京成本線,ユーカリが丘,3.0
京成本線,京成臼井,4.8
京成本線,京成佐倉,5.1
京成本線,大佐倉,4.0
京成本線,京成酒々井,3.5
京成本線,宗吾参道,5.9
京成本線,公津の杜,5.6
京成本線,京成成田,5.5
京成本線,東成田,2.9
京成本線,空港第２ビル,4.4
京成本線,成田空港,5.8
京急本線,泉岳寺,10.1
京急本線,品川,9.1
京急本線,北品川,8.9
京急本線,新馬場,8.2
京急本線,青物横丁,8.2
京急本線,鮫洲,7.9
京急本線,立会川,7.6
京急本線,大森海岸,7.4
京急本線,平和島,6.9
京急本線,大森町,6.7
京急本線,梅屋敷,6.8
京急本線,京急蒲田,7.4
京急本線,雑色,6.7
京急本線,六郷土手,6.2
京急本線,京急川崎,6.8
京急本線,八丁畷,6.1
京急本線,鶴見市場,6.0
京急本線,京急鶴見,6.0
京急本線,花月総持寺,5.5
京急本線,生麦,4.8
京急本線,京急新子安,4.6
京急本線,子安,5.0
京急本線,神奈川新町,5.1
京急本線,京急東神奈川,6.5
京急本線,神奈川,6.8
京急本線,横浜,6.8
京急本線,戸部,6.4
京急本線,日ノ出町,6.9
京急本線,黄金町,5.2
京急本線,南太田,5.3
京急本線,井土ヶ谷,5.0
京急本線,弘明寺,5.0
京急本線,上大岡,5.3
京急本線,屏風浦,3.9
京急本線,杉田,4.6
京急本線,京急富岡,4.0
京急本線,能見台,4.0
京急本線,金沢文庫,5.2
京急本線,金沢八景,5.0
京急本線,追浜,4.8
京急本線,京急田浦,4.4
京急本線,安針塚,4.0
京急本線,逸見,4.6
京急本線,汐入,5.0
京急本線,横須賀中央,5.0
京急本線,県立大学,5.3
京急本線,堀ノ内,4.2
京急本線,京急大津,5.8
京急本線,馬堀海岸,4.8
京急本線,浦賀,4.6
京急空港線,京急蒲田,7.4
京急空港線,糀谷,7.2
京急空港線,大鳥居,7.4
京急空港線,穴守稲荷,7.4
京急空港線,天空橋,7.3
京急空港線,羽田空港第３ターミナル,4.2
京急空港線,羽田空港第１・第２ターミナル,4.2
小田急線,新宿,8.2
小田急線,南新宿,10.0
小田急線,参宮橋,9.0
小田急線,代々木八幡,9.6
小田急線,代々木上原,8.5
小田急線,東北沢,8.3
小田急線,下北沢,7.8
小田急線,世田谷代田,7.2
小田急線,梅ヶ丘,6.3
小田急線,豪徳寺,6.3
小田急線,経堂,6.0
小田急線,千歳船橋,5.9
小田急線,祖師ヶ谷大蔵,6.3
小田急線,成城学園前,6.0
小田急線,喜多見,5.7
小田急線,狛江,5.5
小田急線,和泉多摩川,5.3
小田急線,登戸,5.7
小田急線,向ヶ丘遊園,5.2
小田急線,生田,4.5
小田急線,読売ランド前,4.4
小田急線,百合ヶ丘,5.0
小田急線,新百合ヶ丘,5.1
小田急線,柿生,5.0
小田急線,鶴川,4.2
小田急線,玉川学園前,4.3
小田急線,町田,4.6
小田急線,相模大野,5.2
小田急多摩線,新百合ヶ丘,5.1
小田急多摩線,五月台,5.0
小田急多摩線,栗平,3.9
小田急多摩線,黒川,4.9
小田急多摩線,はるひ野,4.9
小田急多摩線,小田急永山,4.2
小田急多摩線,小田急多摩センター,5.0
小田急多摩線,唐木田,4.0
多摩都市モノレール,多摩センター,4.6
多摩都市モノレール,松が谷,3.9
多摩都市モノレール,大塚・帝京大学,3.7
多摩都市モノレール,中央大学・明星大学,3.7
多摩都市モノレール,多摩動物公園,3.0
多摩都市モノレール,程久保,3.5
多摩都市モノレール,高幡不動,3.7
多摩都市モノレール,万願寺,4.0
多摩都市モノレール,甲州街道,4.4
多摩都市モノレール,柴崎体育館,5.0
多摩都市モノレール,立川南,5.5
多摩都市モノレール,立川北,5.5
多摩都市モノレール,高松,5.0
多摩都市モノレール,立飛,4.0
多摩都市モノレール,泉体育館,4.3
多摩都市モノレール,砂川七番,4.3
多摩都市モノレール,玉川上水,4.3
多摩都市モノレール,桜街道,4.7
多摩都市モノレール,上北台,4.4
りんかい線,新木場,9.3
りんかい線,東雲,9.6
りんかい線,国際展示場,9.5
りんかい線,東京テレポート,12.6
りんかい線,天王洲アイル,9.1
りんかい線,品川シーサイド,8.5
りんかい線,大井町,7.9
りんかい線,大崎,8.2
北総線,京成高砂,4.9
北総線,新柴又,5.5
北総線,矢切,5.4
北総線,北国分,5.2
北総線,秋山,6.4
北総線,東松戸,6.3
北総線,松飛台,6.3
北総線,大町,4.6
北総線,新鎌ケ谷,6.0
北総線,西白井,2.8
北総線,白井,2.8
北総線,小室,3.2
北総線,千葉ニュータウン中央,4.6
北総線,印西牧の原,4.4
北総線,印旛日本医大,4.0
東京モノレール,浜松町,10.9
東京モノレール,天王洲アイル,9.1
東京モノレール,大井競馬場前,7.5
東京モノレール,流通センター,7.3
東京モノレール,昭和島,6.6
東京モノレール,整備場,7.4
東京モノレール,天空橋,7.3
東京モノレール,羽田空港第３ターミナル,4.2
東京モノレール,新整備場,5.1
東京モノレール,羽田空港第１ターミナル,4.0
東京モノレール,羽田空港第２ターミナル,4.0
新交通ゆりかもめ,新橋,11.4
新交通ゆりかもめ,汐留,11.4
新交通ゆりかもめ,竹芝,13.7
新交通ゆりかもめ,日の出,10.7
新交通ゆりかもめ,芝浦ふ頭,9.8
新交通ゆりかもめ,お台場海浜公園,12.7
新交通ゆりかもめ,台場,12.6
新交通ゆりかもめ,東京国際クルーズターミナル,4.2
新交通ゆりかもめ,テレコムセンター,4.2
新交通ゆりかもめ,青海,4.0
新交通ゆりかもめ,東京ビッグサイト,4.0
新交通ゆりかもめ,有明,9.2
新交通ゆりかもめ,有明テニスの森,8.8
新交通ゆりかもめ,市場前,12.8
新交通ゆりかもめ,新豊洲,12.3
新交通ゆりかもめ,豊洲,9.9
埼玉高速鉄道,赤羽岩淵,6.8
埼玉高速鉄道,川口元郷,5.5
埼玉高速鉄道,南鳩ヶ谷,5.6
埼玉高速鉄道,鳩ヶ谷,5.6
埼玉高速鉄道,新井宿,5.8
埼玉高速鉄道,戸塚安行,6.0
埼玉高速鉄道,東川口,6.0
埼玉高速鉄道,浦和美園,6.0
つくばエクスプレス,秋葉原,9.5
つくばエクスプレス,新御徒町,9.0
つくばエクスプレス,浅草,7.5
つくばエクスプレス,南千住,7.8
つくばエクスプレス,北千住,7.2
つくばエクスプレス,青井,6.3
つくばエクスプレス,六町,5.5
つくばエクスプレス,八潮,6.5
つくばエクスプレス,三郷中央,6.4
つくばエクスプレス,南流山,5.0
つくばエクスプレス,流山セントラルパーク,6.3
つくばエクスプレス,流山おおたかの森,5.6
つくばエクスプレス,柏の葉キャンパス,5.4
つくばエクスプレス,柏たなか,7.3
つくばエクスプレス,守谷,6.1
つくばエクスプレス,みらい平,5.8
つくばエクスプレス,みどりの,3.3
つくばエクスプレス,万博記念公園,5.0
つくばエクスプレス,研究学園,4.6
つくばエクスプレス,つくば,4.4
成田スカイアクセス,京成上野,7.5
成田スカイアクセス,日暮里,7.7
成田スカイアクセス,青砥,5.3
成田スカイアクセス,京成高砂,4.9
成田スカイアクセス,東松戸,6.3
成田スカイアクセス,新鎌ケ谷,6.0
成田スカイアクセス,千葉ニュータウン中央,4.6
成田スカイアクセス,印旛日本医大,4.0
成田スカイアクセス,成田湯川,2.6
成田スカイアクセス,空港第２ビル,4.4
成田スカイアクセス,成田空港,5.8
東急こどもの国線,長津田,5.5
東急こどもの国線,恩田,4.7
東急こどもの国線,こどもの国,4.3
東急新横浜線,新横浜,6.5
東急新横浜線,新綱島,6.2
東急新横浜線,日吉,6.0
ＪＲ根岸線,横浜,6.8
ＪＲ根岸線,桜木町,6.8
ＪＲ根岸線,関内,6.7
ＪＲ根岸線,石川町,6.2
ＪＲ根岸線,山手,5.2
ＪＲ根岸線,根岸,4.0
ＪＲ根岸線,磯子,3.9
ＪＲ根岸線,新杉田,4.2
ＪＲ根岸線,洋光台,3.9
ＪＲ根岸線,港南台,4.5
ＪＲ根岸線,本郷台,5.0
ＪＲ根岸線,大船,5.5
ＪＲ鶴見線,鶴見,5.9
ＪＲ鶴見線,国道,5.6
ＪＲ鶴見線,鶴見小野,4.8
ＪＲ鶴見線,弁天橋,5.4
ＪＲ鶴見線,浅野,5.0
ＪＲ鶴見線,新芝浦,4.2
ＪＲ鶴見線,安善,5.0
ＪＲ鶴見線,大川,4.2
ＪＲ鶴見線,武蔵白石,6.6
ＪＲ鶴見線,浜川崎,5.5
ＪＲ鶴見線,昭和,5.5
ＪＲ鶴見線,扇町,4.2
ＪＲ御殿場線,谷峨,4.0
ＪＲ御殿場線,山北,4.0
ＪＲ御殿場線,東山北,4.0
ＪＲ御殿場線,松田,3.2
ＪＲ御殿場線,相模金子,3.2
ＪＲ御殿場線,上大井,2.9
ＪＲ御殿場線,下曽我,4.1
ＪＲ御殿場線,国府津,4.5
ＪＲ相模線,茅ケ崎,5.2
ＪＲ相模線,北茅ケ崎,5.0
ＪＲ相模線,香川,5.4
ＪＲ相模線,寒川,5.6
ＪＲ相模線,宮山,5.5
ＪＲ相模線,倉見,3.9
ＪＲ相模線,門沢橋,3.6
ＪＲ相模線,社家,4.4
ＪＲ相模線,厚木,5.4
ＪＲ相模線,海老名,5.6
ＪＲ相模線,入谷,4.3
ＪＲ相模線,相武台下,3.9
ＪＲ相模線,下溝,2.9
ＪＲ相模線,原当麻,3.6
ＪＲ相模線,番田,3.0
ＪＲ相模線,上溝,3.2
ＪＲ相模線,南橋本,3.9
ＪＲ相模線,橋本,4.1
京急大師線,京急川崎,6.8
京急大師線,港町,6.6
京急大師線,鈴木町,6.8
京急大師線,川崎大師,6.4
京急大師線,東門前,6.2
京急大師線,大師橋,5.7
京急大師線,小島新田,5.0
京急逗子線,金沢八景,5.0
京急逗子線,六浦,4.7
京急逗子線,逗子・葉山,7.2
京急久里浜線,堀ノ内,4.2
京急久里浜線,新大津,4.0
京急久里浜線,北久里浜,3.5
京急久里浜線,京急久里浜,4.6
京急久里浜線,ＹＲＰ野比,5.4
京急久里浜線,京急長沢,5.0
京急久里浜線,津久井浜,4.9
京急久里浜線,三浦海岸,2.6
京急久里浜線,三崎口,4.8
小田急小田原線,相模大野,5.2
小田急小田原線,小田急相模原,3.4
小田急小田原線,相武台前,3.0
小田急小田原線,座間,4.3
小田急小田原線,海老名,5.6
小田急小田原線,厚木,5.4
小田急小田原線,本厚木,4.6
小田急小田原線,愛甲石田,4.5
小田急小田原線,伊勢原,4.5
小田急小田原線,鶴巻温泉,4.6
小田急小田原線,東海大学前,3.7
小田急小田原線,秦野,3.0
小田急小田原線,渋沢,3.0
小田急小田原線,新松田,3.8
小田急小田原線,開成,4.9
小田急小田原線,栢山,3.7
小田急小田原線,富水,4.7
小田急小田原線,螢田,4.2
小田急小田原線,足柄,4.8
小田急小田原線,小田原,5.3
小田急江ノ島線,相模大野,5.2
小田急江ノ島線,東林間,4.1
小田急江ノ島線,中央林間,4.0
小田急江ノ島線,南林間,3.5
小田急江ノ島線,鶴間,3.5
小田急江ノ島線,大和,4.1
小田急江ノ島線,桜ヶ丘,3.8
小田急江ノ島線,高座渋谷,4.1
小田急江ノ島線,長後,5.8
小田急江ノ島線,湘南台,6.0
小田急江ノ島線,六会日大前,5.7
小田急江ノ島線,善行,5.2
小田急江ノ島線,藤沢本町,5.6
小田急江ノ島線,藤沢,5.9
小田急江ノ島線,本鵠沼,6.3
小田急江ノ島線,鵠沼海岸,6.3
小田急江ノ島線,片瀬江ノ島,6.7
相鉄本線,横浜,6.8
相鉄本線,平沼橋,6.0
相鉄本線,西横浜,5.9
相鉄本線,天王町,5.2
相鉄本線,星川,4.5
相鉄本線,和田町,4.5
相鉄本線,上星川,4.3
相鉄本線,西谷,4.5
相鉄本線,鶴ケ峰,4.7
相鉄本線,二俣川,4.6
相鉄本線,希望ケ丘,4.0
相鉄本線,三ツ境,3.9
相鉄本線,瀬谷,4.0
相鉄本線,大和,4.1
相鉄本線,相模大塚,4.1
相鉄本線,さがみ野,4.0
相鉄本線,かしわ台,4.5
相鉄本線,海老名,5.6
相鉄いずみ野線,二俣川,4.6
相鉄いずみ野線,南万騎が原,4.6
相鉄いずみ野線,緑園都市,6.2
相鉄いずみ野線,弥生台,6.2
相鉄いずみ野線,いずみ野,5.0
相鉄いずみ野線,いずみ中央,6.4
相鉄いずみ野線,ゆめが丘,5.0
相鉄いずみ野線,湘南台,6.0
相鉄新横浜線,新横浜,6.5
相鉄新横浜線,羽沢横浜国大,3.9
相鉄新横浜線,西谷,4.5
ブルーライン,あざみ野,6.3
ブルーライン,中川,6.0
ブルーライン,センター北,7.5
ブルーライン,センター南,7.4
ブルーライン,仲町台,6.4
ブルーライン,新羽,6.4
ブルーライン,北新横浜,7.4
ブルーライン,新横浜,6.5
ブルーライン,岸根公園,5.6
ブルーライン,片倉町,4.6
ブルーライン,三ツ沢上町,5.0
ブルーライン,三ツ沢下町,5.9
ブルーライン,横浜,6.8
ブルーライン,高島町,6.6
ブルーライン,桜木町,6.8
ブルーライン,関内,6.7
ブルーライン,伊勢佐木長者町,6.0
ブルーライン,阪東橋,5.4
ブルーライン,吉野町,5.3
ブルーライン,蒔田,5.2
ブルーライン,弘明寺,5.4
ブルーライン,上大岡,5.3
ブルーライン,港南中央,5.4
ブルーライン,上永谷,5.2
ブルーライン,下永谷,4.8
ブルーライン,舞岡,5.1
ブルーライン,戸塚,5.1
ブルーライン,踊場,5.2
ブルーライン,中田,4.8
ブルーライン,立場,5.9
ブルーライン,下飯田,6.5
ブルーライン,湘南台,6.0
グリーンライン,中山,5.3
グリーンライン,川和町,6.2
グリーンライン,都筑ふれあいの丘,6.7
グリーンライン,センター南,7.4
グリーンライン,センター北,7.5
グリーンライン,北山田,7.2
グリーンライン,東山田,7.1
グリーンライン,高田,6.2
グリーンライン,日吉本町,6.0
グリーンライン,日吉,6.0
みなとみらい線,横浜,6.8
みなとみらい線,新高島,8.0
みなとみらい線,みなとみらい,7.4
みなとみらい線,馬車道,7.7
みなとみらい線,日本大通り,7.1
みなとみらい線,元町・中華街,6.5
シーサイドライン,新杉田,4.2
シーサイドライン,南部市場,4.8
シーサイドライン,鳥浜,7.6
シーサイドライン,並木北,5.3
シーサイドライン,並木中央,4.7
シーサイドライン,幸浦,4.1
シーサイドライン,産業振興センター,3.0
シーサイドライン,福浦,4.2
シーサイドライン,市大医学部,5.3
シーサイドライン,八景島,5.0
シーサイドライン,海の公園柴口,5.0
シーサイドライン,海の公園南口,5.5
シーサイドライン,野島公園,4.9
シーサイドライン,金沢八景,5.0
江ノ島電鉄線,藤沢,5.9
江ノ島電鉄線,石上,6.2
江ノ島電鉄線,柳小路,6.3
江ノ島電鉄線,鵠沼,6.3
江ノ島電鉄線,湘南海岸公園,6.7
江ノ島電鉄線,江ノ島,6.7
江ノ島電鉄線,腰越,4.5
江ノ島電鉄線,鎌倉高校前,6.7
江ノ島電鉄線,七里ヶ浜,6.8
江ノ島電鉄線,稲村ヶ崎,7.1
江ノ島電鉄線,極楽寺,6.8
江ノ島電鉄線,長谷,7.2
江ノ島電鉄線,由比ヶ浜,7.5
江ノ島電鉄線,和田塚,7.5
江ノ島電鉄線,鎌倉,7.4
湘南モノレール,大船,5.5
湘南モノレール,富士見町,6.9
湘南モノレール,湘南町屋,6.7
湘南モノレール,湘南深沢,3.6
湘南モノレール,西鎌倉,4.1
湘南モノレール,片瀬山,6.4
湘南モノレール,目白山下,6.1
湘南モノレール,湘南江の島,6.7
箱根登山鉄道,小田原,5.3
箱根登山鉄道,箱根板橋,5.5
箱根登山鉄道,風祭,4.5
箱根登山鉄道,入生田,4.7
箱根登山鉄道,箱根湯本,5.0
箱根登山鉄道,塔ノ沢,4.0
箱根登山鉄道,大平台,4.0
箱根登山鉄道,宮ノ下,4.2
箱根登山鉄道,小涌谷,5.1
箱根登山鉄道,彫刻の森,5.0
箱根登山鉄道,強羅,5.2
箱根登山鉄道鋼索線,強羅,5.2
箱根登山鉄道鋼索線,公園下,6.3
箱根登山鉄道鋼索線,公園上,4.8
箱根登山鉄道鋼索線,中強羅,2.8
箱根登山鉄道鋼索線,上強羅,2.8
箱根登山鉄道鋼索線,早雲山,2.8
伊豆箱根大雄山線,小田原,5.3
伊豆箱根大雄山線,緑町,4.5
伊豆箱根大雄山線,井細田,4.3
伊豆箱根大雄山線,五百羅漢,4.7
伊豆箱根大雄山線,穴部,3.6
伊豆箱根大雄山線,飯田岡,4.9
伊豆箱根大雄山線,相模沼田,4.7
伊豆箱根大雄山線,岩原,4.1
伊豆箱根大雄山線,塚原,3.2
伊豆箱根大雄山線,和田河原,4.8
伊豆箱根大雄山線,富士フイルム前,4.4
伊豆箱根大雄山線,大雄山,3.0
ＪＲ京浜東北線,大宮,6.5
ＪＲ京浜東北線,さいたま新都心,6.5
ＪＲ京浜東北線,与野,5.4
ＪＲ京浜東北線,北浦和,5.5
ＪＲ京浜東北線,浦和,5.7
ＪＲ京浜東北線,南浦和,5.2
ＪＲ京浜東北線,蕨,5.2
ＪＲ京浜東北線,西川口,5.3
ＪＲ京浜東北線,川口,5.4
ＪＲ川越線,大宮,6.5
ＪＲ川越線,日進,4.2
ＪＲ川越線,西大宮,4.9
ＪＲ川越線,指扇,5.1
ＪＲ川越線,南古谷,3.1
ＪＲ川越線,川越,5.0
ＪＲ川越線,西川越,4.0
ＪＲ川越線,的場,3.0
ＪＲ川越線,笠幡,2.2
ＪＲ川越線,武蔵高萩,3.6
ＪＲ川越線,高麗川,5.0
西武狭山線,西所沢,4.0
西武狭山線,下山口,2.6
西武狭山線,西武球場前,2.4
西武秩父線,吾野,4.0
西武秩父線,西吾野,4.0
西武秩父線,正丸,4.0
西武秩父線,芦ヶ久保,4.0
西武秩父線,横瀬,3.9
西武秩父線,西武秩父,4.2
東武越生線,坂戸,3.3
東武越生線,一本松,3.0
東武越生線,西大家,3.7
東武越生線,川角,3.8
東武越生線,武州長瀬,3.2
東武越生線,東毛呂,3.2
東武越生線,武州唐沢,3.8
東武越生線,越生,3.8
東武日光線,東武動物公園,3.2
東武日光線,杉戸高野台,3.5
東武日光線,幸手,3.5
東武日光線,南栗橋,5.1
東武日光線,栗橋,3.7
東武日光線,新古河,3.6
東武日光線,柳生,4.2
東武日光線,板倉東洋大前,3.0
東武日光線,藤岡,4.0
東武日光線,静和,5.6
東武日光線,新大平下,4.6
東武日光線,栃木,3.7
東武日光線,新栃木,3.7
東武日光線,合戦場,4.4
東武日光線,家中,4.1
東武日光線,東武金崎,3.3
東武日光線,楡木,4.0
東武日光線,樅山,3.1
東武日光線,新鹿沼,3.6
東武日光線,北鹿沼,3.6
東武日光線,板荷,4.0
東武日光線,下小代,4.0
東武日光線,明神,4.0
東武日光線,下今市,3.4
東武日光線,上今市,5.1
東武日光線,東武日光,4.0
東武野田線,大宮,6.5
東武野田線,北大宮,6.6
東武野田線,大宮公園,4.5
東武野田線,大和田,4.4
東武野田線,七里,4.8
東武野田線,岩槻,5.1
東武野田線,東岩槻,5.0
東武野田線,豊春,4.7
東武野田線,八木崎,4.9
東武野田線,春日部,4.8
東武野田線,藤の牛島,4.7
東武野田線,南桜井,4.1
東武野田線,川間,3.5
東武野田線,七光台,3.6
東武野田線,清水公園,3.2
東武野田線,愛宕,3.2
東武野田線,梅郷,3.7
東武野田線,運河,4.1
東武野田線,江戸川台,4.4
東武野田線,初石,6.9
東武野田線,流山おおたかの森,5.6
東武野田線,豊四季,5.4
東武野田線,柏,4.4
東武野田線,新柏,4.0
東武野田線,増尾,4.2
東武野田線,逆井,4.4
東武野田線,高柳,3.1
東武野田線,六実,5.0
東武野田線,新鎌ケ谷,6.0
東武野田線,鎌ケ谷,5.1
東武野田線,馬込沢,4.4
東武野田線,塚田,5.9
東武野田線,新船橋,5.7
東武野田線,船橋,6.0
埼玉新都市交通伊奈線,大宮,6.5
埼玉新都市交通伊奈線,鉄道博物館,6.3
埼玉新都市交通伊奈線,加茂宮,4.3
埼玉新都市交通伊奈線,東宮原,4.2
埼玉新都市交通伊奈線,今羽,3.7
埼玉新都市交通伊奈線,吉野原,4.1
埼玉新都市交通伊奈線,原市,3.5
埼玉新都市交通伊奈線,沼南,4.7
埼玉新都市交通伊奈線,丸山,5.3
埼玉新都市交通伊奈線,志久,4.7
埼玉新都市交通伊奈線,伊奈中央,4.7
埼玉新都市交通伊奈線,羽貫,4.8
埼玉新都市交通伊奈線,内宿,4.8
秩父鉄道,羽生,4.0
秩父鉄道,西羽生,3.9
秩父鉄道,新郷,4.0
秩父鉄道,武州荒木,3.5
秩父鉄道,東行田,3.1
秩父鉄道,行田市,2.7
秩父鉄道,持田,2.7
秩父鉄道,ソシオ流通センター,2.6
秩父鉄道,熊谷,3.3
秩父鉄道,上熊谷,3.2
秩父鉄道,石原,3.3
秩父鉄道,ひろせ野鳥の森,3.8
秩父鉄道,広瀬川原,4.4
秩父鉄道,大麻生,3.7
秩父鉄道,明戸,3.1
秩父鉄道,武川,3.2
秩父鉄道,永田,3.5
秩父鉄道,ふかや花園,3.7
秩父鉄道,小前田,4.0
秩父鉄道,桜沢,3.8
秩父鉄道,寄居,4.5
秩父鉄道,波久礼,4.0
秩父鉄道,樋口,4.0
秩父鉄道,野上,4.0
秩父鉄道,長瀞,4.0
秩父鉄道,上長瀞,4.0
秩父鉄道,親鼻,4.0
秩父鉄道,皆野,4.0
秩父鉄道,和銅黒谷,4.0
秩父鉄道,大野原,4.0
秩父鉄道,秩父,4.8
秩父鉄道,御花畑,4.2
秩父鉄道,影森,4.0
秩父鉄道,浦山口,4.0
秩父鉄道,武州日野,4.0
秩父鉄道,白久,4.0
秩父鉄道,三峰口,4.0
ＪＲ成田線,佐倉,5.1
ＪＲ成田線,酒々井,3.5
ＪＲ成田線,成田,5.5
ＪＲ成田線,空港第２ビル,4.4
ＪＲ成田線,成田空港,5.8
ＪＲ成田線,久住,4.8
ＪＲ成田線,滑河,4.2
ＪＲ成田線,下総神崎,3.4
ＪＲ成田線,大戸,2.8
ＪＲ成田線,佐原,3.0
ＪＲ成田線,香取,4.0
ＪＲ成田線,水郷,4.1
ＪＲ成田線,小見川,3.7
ＪＲ成田線,笹川,3.9
ＪＲ成田線,下総橘,3.9
ＪＲ成田線,下総豊里,3.9
ＪＲ成田線,椎柴,4.0
ＪＲ成田線,松岸,3.1
ＪＲ成田線,銚子,4.0
ＪＲ成田線,我孫子,4.7
ＪＲ成田線,東我孫子,3.5
ＪＲ成田線,湖北,3.4
ＪＲ成田線,新木,2.7
ＪＲ成田線,布佐,3.2
ＪＲ成田線,木下,4.7
ＪＲ成田線,小林,3.8
ＪＲ成田線,安食,3.7
ＪＲ成田線,下総松崎,4.4
ＪＲ総武本線,東千葉,5.5
ＪＲ総武本線,都賀,5.3
ＪＲ総武本線,四街道,4.9
ＪＲ総武本線,物井,4.7
ＪＲ総武本線,佐倉,5.1
ＪＲ総武本線,南酒々井,5.2
ＪＲ総武本線,榎戸,3.8
ＪＲ総武本線,八街,4.1
ＪＲ総武本線,日向,3.5
ＪＲ総武本線,成東,2.4
ＪＲ総武本線,松尾,2.9
ＪＲ総武本線,横芝,2.9
ＪＲ総武本線,飯倉,2.9
ＪＲ総武本線,八日市場,3.3
ＪＲ総武本線,干潟,3.7
ＪＲ総武本線,旭,3.9
ＪＲ総武本線,飯岡,3.0
ＪＲ総武本線,倉橋,4.0
ＪＲ総武本線,猿田,4.0
ＪＲ総武本線,松岸,3.1
ＪＲ総武本線,銚子,4.0
ＪＲ鹿島線,佐原,3.0
ＪＲ鹿島線,香取,4.0
ＪＲ鹿島線,十二橋,4.0
ＪＲ鹿島線,潮来,2.3
ＪＲ鹿島線,延方,3.5
ＪＲ鹿島線,鹿島神宮,4.5
ＪＲ鹿島線,鹿島サッカースタジアム,2.7
ＪＲ外房線,千葉,6.0
ＪＲ外房線,本千葉,6.1
ＪＲ外房線,蘇我,5.3
ＪＲ外房線,鎌取,4.3
ＪＲ外房線,誉田,2.7
ＪＲ外房線,土気,3.3
ＪＲ外房線,大網,3.2
ＪＲ外房線,永田,2.5
ＪＲ外房線,本納,2.7
ＪＲ外房線,新茂原,2.4
ＪＲ外房線,茂原,3.3
ＪＲ外房線,八積,3.2
ＪＲ外房線,上総一ノ宮,3.2
ＪＲ外房線,東浪見,4.0
ＪＲ外房線,太東,4.0
ＪＲ外房線,長者町,4.3
ＪＲ外房線,三門,4.0
ＪＲ外房線,大原,3.4
ＪＲ外房線,浪花,4.0
ＪＲ外房線,御宿,4.0
ＪＲ外房線,勝浦,4.6
ＪＲ外房線,鵜原,4.0
ＪＲ外房線,上総興津,4.0
ＪＲ外房線,安房小湊,4.0
ＪＲ外房線,安房天津,4.0
ＪＲ外房線,安房鴨川,9.4
ＪＲ東金線,大網,3.2
ＪＲ東金線,福俵,2.9
ＪＲ東金線,東金,3.0
ＪＲ東金線,求名,2.9
ＪＲ東金線,成東,2.4
ＪＲ内房線,千葉,6.0
ＪＲ内房線,本千葉,6.1
ＪＲ内房線,蘇我,5.3
ＪＲ内房線,浜野,3.8
ＪＲ内房線,八幡宿,4.3
ＪＲ内房線,五井,4.8
ＪＲ内房線,姉ケ崎,5.6
ＪＲ内房線,長浦,5.4
ＪＲ内房線,袖ケ浦,5.5
ＪＲ内房線,巌根,4.5
ＪＲ内房線,木更津,5.0
ＪＲ内房線,君津,4.4
ＪＲ内房線,青堀,4.7
ＪＲ内房線,大貫,4.2
ＪＲ内房線,佐貫町,4.0
ＪＲ内房線,上総湊,4.0
ＪＲ内房線,竹岡,4.0
ＪＲ内房線,浜金谷,4.0
ＪＲ内房線,保田,4.0
ＪＲ内房線,安房勝山,4.0
ＪＲ内房線,岩井,4.0
ＪＲ内房線,富浦,4.0
ＪＲ内房線,那古船形,5.5
ＪＲ内房線,館山,5.0
ＪＲ内房線,九重,4.0
ＪＲ内房線,千倉,4.2
ＪＲ内房線,江見,4.0
ＪＲ内房線,太海,4.0
ＪＲ内房線,安房鴨川,9.4
ＪＲ久留里線,木更津,5.0
ＪＲ久留里線,祇園,5.2
ＪＲ久留里線,上総清川,5.2
ＪＲ久留里線,東清川,4.2
ＪＲ久留里線,横田,4.0
ＪＲ久留里線,東横田,4.0
ＪＲ久留里線,馬来田,4.0
ＪＲ久留里線,下郡,4.0
ＪＲ久留里線,小櫃,4.0
ＪＲ久留里線,俵田,4.0
ＪＲ久留里線,久留里,4.0
ＪＲ久留里線,平山,4.0
ＪＲ久留里線,上総松丘,4.1
京成千葉線,京成津田沼,6.0
京成千葉線,京成幕張本郷,3.7
京成千葉線,京成幕張,6.2
京成千葉線,検見川,4.9
京成千葉線,京成稲毛,6.2
京成千葉線,みどり台,4.5
京成千葉線,西登戸,4.3
京成千葉線,新千葉,5.2
京成千葉線,京成千葉,6.3
京成千葉線,千葉中央,6.5
京成千原線,千葉中央,6.5
京成千原線,千葉寺,5.3
京成千原線,大森台,5.3
京成千原線,学園前,4.3
京成千原線,おゆみ野,4.4
京成千原線,ちはら台,3.0
新京成線,松戸,5.7
新京成線,上本郷,5.7
新京成線,松戸新田,5.9
新京成線,みのり台,5.6
新京成線,八柱,5.4
新京成線,常盤平,3.6
新京成線,五香,3.8
新京成線,くぬぎ山,4.5
新京成線,北初富,5.6
新京成線,新鎌ケ谷,6.0
新京成線,初富,4.8
新京成線,鎌ヶ谷大仏,5.1
新京成線,二和向台,4.5
新京成線,三咲,4.4
新京成線,滝不動,3.8
新京成線,高根公団,3.8
新京成線,高根木戸,3.8
新京成線,北習志野,3.7
新京成線,習志野,3.5
新京成線,薬園台,3.5
新京成線,前原,4.2
新京成線,新津田沼,5.2
新京成線,京成津田沼,6.0
千葉都市モノレール,千葉みなと,6.3
千葉都市モノレール,市役所前,6.5
千葉都市モノレール,千葉,6.0
千葉都市モノレール,栄町,6.0
千葉都市モノレール,葭川公園,7.6
千葉都市モノレール,県庁前,5.6
千葉都市モノレール,千葉公園,5.0
千葉都市モノレール,作草部,3.7
千葉都市モノレール,天台,4.5
千葉都市モノレール,穴川,3.9
千葉都市モノレール,スポーツセンター,3.8
千葉都市モノレール,動物公園,3.5
千葉都市モノレール,みつわ台,5.4
千葉都市モノレール,都賀,5.3
千葉都市モノレール,桜木,4.9
千葉都市モノレール,小倉台,4.3
千葉都市モノレール,千城台北,4.1
千葉都市モノレール,千城台,4.2
流鉄流山線,馬橋,4.5
流鉄流山線,幸谷,4.3
流鉄流山線,小金城趾,4.6
流鉄流山線,鰭ヶ崎,5.2
流鉄流山線,平和台,4.8
流鉄流山線,流山,5.7
東葉高速鉄道,西船橋,6.1
東葉高速鉄道,東海神,6.3
東葉高速鉄道,飯山満,3.6
東葉高速鉄道,北習志野,3.7
東葉高速鉄道,船橋日大前,5.0
東葉高速鉄道,八千代緑が丘,5.0
東葉高速鉄道,八千代中央,4.8
東葉高速鉄道,村上,5.2
東葉高速鉄道,東葉勝田台,4.9
ユーカリが丘線,ユーカリが丘,3.0
ユーカリが丘線,地区センター,3.0
ユーカリが丘線,公園,4.2
ユーカリが丘線,女子大,4.5
ユーカリが丘線,中学校,4.0
ユーカリが丘線,井野,4.3
小湊鉄道線,五井,4.8
小湊鉄道線,上総村上,3.1
小湊鉄道線,海士有木,3.0
小湊鉄道線,上総三又,4.0
小湊鉄道線,上総山田,4.0
小湊鉄道線,光風台,3.1
小湊鉄道線,馬立,3.1
小湊鉄道線,上総牛久,4.0
小湊鉄道線,上総川間,4.0
小湊鉄道線,上総鶴舞,2.1
小湊鉄道線,上総久保,2.1
小湊鉄道線,高滝,2.1
銚子電気鉄道,銚子,4.0
銚子電気鉄道,仲ノ町,4.5
銚子電気鉄道,観音,4.0
銚子電気鉄道,本銚子,3.7
銚子電気鉄道,笠上黒生,4.0
銚子電気鉄道,西海鹿島,3.9
銚子電気鉄道,海鹿島,4.0
銚子電気鉄道,君ヶ浜,4.0
銚子電気鉄道,犬吠,4.0
銚子電気鉄道,外川,4.0
芝山鉄道,東成田,2.9
芝山鉄道,芝山千代田,3.9
