line,price,from,to,trans,min
JR中央・総武線各駅停車,11.5,三鷹,新橋,1,42
JR中央・総武線各駅停車,12.0,吉祥寺,新橋,1,39
JR中央・総武線各駅停車,12.5,西荻窪,新橋,1,37
JR中央・総武線各駅停車,12.5,荻窪,新橋,1,33
JR中央・総武線各駅停車,13.0,阿佐ケ谷,新橋,1,32
JR中央・総武線各駅停車,13.0,高円寺,新橋,1,30
JR中央・総武線各駅停車,13.5,中野,新橋,1,27
JR中央・総武線各駅停車,13.8,東中野,新橋,0,40
JR中央・総武線各駅停車,15.5,大久保,新橋,1,37
JR中央・総武線各駅停車,18.9,新宿,新橋,0,30
JR中央・総武線各駅停車,18.5,代々木,新橋,0,28
JR中央・総武線各駅停車,19.2,千駄ケ谷,新橋,0,31
JR中央・総武線各駅停車,17.8,信濃町,新橋,1,26
JR中央・総武線各駅停車,18.4,四ツ谷,新橋,1,9
JR中央・総武線各駅停車,18.9,市ケ谷,新橋,1,13
JR中央・総武線各駅停車,17.5,飯田橋,新橋,1,16
JR中央・総武線各駅停車,17.5,水道橋,新橋,0,17
JR中央・総武線各駅停車,17.9,御茶ノ水,新橋,1,12
JR中央・総武線各駅停車,17.0,秋葉原,新橋,0,9
JR中央・総武線各駅停車,16.2,浅草橋,新橋,0,11
JR中央・総武線各駅停車,14.8,両国,新橋,1,17
JR中央・総武線各駅停車,14.2,錦糸町,新橋,0,12
JR中央・総武線各駅停車,11.4,亀戸,新橋,1,17
JR中央・総武線各駅停車,9.7,平井,新橋,1,20
JR中央・総武線各駅停車,8.7,新小岩,新橋,0,18
JR中央・総武線各駅停車,8.5,小岩,新橋,1,24
JR中央・総武線各駅停車,9.3,市川,新橋,0,23
JR中央・総武線各駅停車,8.5,下総中山,新橋,1,33
JR中央・総武線各駅停車,9.7,西船橋,新橋,1,36
JR中央・総武線各駅停車,9.1,船橋,新橋,0,30
JR中央・総武線各駅停車,9.2,東船橋,新橋,1,37
JR中央・総武線各駅停車,8.7,津田沼,新橋,0,34
JR中央・総武線各駅停車,7.8,幕張本郷,新橋,1,42
JR中央・総武線各駅停車,7.9,幕張,新橋,1,45
JR中央・総武線各駅停車,6.6,新検見川,新橋,1,47
JR中央・総武線各駅停車,6.8,稲毛,新橋,0,41
JR中央・総武線各駅停車,6.0,西千葉,新橋,1,46
JR中央・総武線各駅停車,8.1,千葉,新橋,0,46
JR中央線,18.8,東京,新橋,0,2
JR中央線,17.7,神田,新橋,0,7
JR中央線,17.9,御茶ノ水,新橋,1,12
JR中央線,18.4,四ツ谷,新橋,1,9
JR中央線,18.9,新宿,新橋,0,30
JR中央線,13.5,中野,新橋,1,27
JR中央線,13.0,高円寺,新橋,1,30
JR中央線,13.0,阿佐ケ谷,新橋,1,32
JR中央線,12.5,荻窪,新橋,1,33
JR中央線,12.5,西荻窪,新橋,1,37
JR中央線,12.0,吉祥寺,新橋,1,39
JR中央線,11.5,三鷹,新橋,1,42
JR中央線,11.3,武蔵境,新橋,1,45
JR中央線,11.0,東小金井,新橋,1,48
JR中央線,9.7,武蔵小金井,新橋,1,50
JR中央線,9.5,国分寺,新橋,1,54
JR中央線,9.8,西国分寺,新橋,1,56
JR中央線,9.3,国立,新橋,1,59
JR中央線,8.8,立川,新橋,1,63
JR中央線,8.0,日野,新橋,1,67
JR中央線,8.1,豊田,新橋,1,69
JR中央線,8.1,八王子,新橋,1,74
JR中央線,7.6,西八王子,新橋,1,78
JR中央線,6.0,高尾,新橋,1,81
JR久留里線,6.5,木更津,新橋,0,84
JR久留里線,6.1,上総清川,新橋,1,103
JR久留里線,5.3,東清川,新橋,1,106
JR久留里線,4.7,横田,新橋,1,111
JR久留里線,4.7,東横田,新橋,1,116
JR久留里線,4.7,馬来田,新橋,1,121
JR久留里線,4.7,下郡,新橋,1,125
JR久留里線,4.7,小櫃,新橋,1,129
JR久留里線,4.7,俵田,新橋,1,133
JR久留里線,4.7,久留里,新橋,1,138
JR久留里線,4.7,平山,新橋,1,96
JR久留里線,4.7,上総松丘,新橋,1,149
JR五日市線,6.0,拝島,新橋,1,79
JR五日市線,5.9,熊川,新橋,2,83
JR五日市線,5.3,東秋留,新橋,2,85
JR五日市線,5.6,秋川,新橋,2,91
JR五日市線,5.5,武蔵引田,新橋,2,93
JR五日市線,6.1,武蔵増戸,新橋,2,95
JR五日市線,4.5,武蔵五日市,新橋,2,100
JR京浜東北線,11.0,さいたま新都心,新橋,0,35
JR京浜東北線,9.1,与野,新橋,0,53
JR京浜東北線,9.8,北浦和,新橋,0,50
JR京浜東北線,10.3,浦和,新橋,0,30
JR京浜東北線,8.3,南浦和,新橋,0,45
JR京浜東北線,8.1,蕨,新橋,0,41
JR京浜東北線,8.2,西川口,新橋,0,38
JR京浜東北線,8.3,川口,新橋,0,35
JR京浜東北線,12.0,赤羽,新橋,0,22
JR京浜東北線,11.2,東十条,新橋,0,29
JR京浜東北線,10.9,王子,新橋,0,26
JR京浜東北線,12.0,上中里,新橋,0,24
JR京浜東北線,11.4,田端,新橋,0,20
JR京浜東北線,12.0,西日暮里,新橋,0,19
JR京浜東北線,12.6,日暮里,新橋,0,13
JR京浜東北線,13.4,鶯谷,新橋,0,15
JR京浜東北線,15.5,上野,新橋,0,9
JR京浜東北線,16.0,御徒町,新橋,0,11
JR京浜東北線,17.0,秋葉原,新橋,0,9
JR京浜東北線,17.7,神田,新橋,0,7
JR京浜東北線,18.8,東京,新橋,0,2
JR京浜東北線,18.7,有楽町,新橋,0,2
JR京浜東北線,22.4,浜松町,新橋,0,2
JR京浜東北線,19.0,田町,新橋,0,5
JR京浜東北線,19.4,高輪ゲートウェイ,新橋,0,7
JR京浜東北線,18.2,品川,新橋,0,4
JR京浜東北線,14.5,大井町,新橋,0,13
JR京浜東北線,12.7,大森,新橋,0,16
JR京浜東北線,12.0,蒲田,新橋,0,19
JR京浜東北線,10.0,川崎,新橋,0,17
JR京浜東北線,9.7,鶴見,新橋,0,28
JR京浜東北線,10.2,新子安,新橋,0,32
JR京浜東北線,11.5,東神奈川,新橋,0,36
JR京浜東北線,12.2,横浜,新橋,0,27
JR京浜東北線,12.2,桜木町,新橋,0,42
JR京浜東北線,12.3,関内,新橋,0,45
JR京浜東北線,11.2,石川町,新橋,0,47
JR京浜東北線,9.2,山手,新橋,0,49
JR京浜東北線,9.0,根岸,新橋,0,52
JR京浜東北線,8.7,磯子,新橋,0,55
JR京浜東北線,9.5,新杉田,新橋,0,58
JR京浜東北線,7.9,洋光台,新橋,0,61
JR京浜東北線,7.6,港南台,新橋,0,64
JR京浜東北線,7.5,本郷台,新橋,0,67
JR京浜東北線,8.5,大船,新橋,0,44
JR京葉線,18.8,東京,新橋,0,2
JR京葉線,17.9,八丁堀,新橋,1,8
JR京葉線,15.7,越中島,新橋,1,20
JR京葉線,12.2,潮見,新橋,1,23
JR京葉線,12.4,新木場,新橋,1,21
JR京葉線,8.5,葛西臨海公園,新橋,1,29
JR京葉線,9.0,舞浜,新橋,1,31
JR京葉線,9.4,新浦安,新橋,1,35
JR京葉線,9.0,市川塩浜,新橋,1,39
JR京葉線,8.3,二俣新町,新橋,1,43
JR京葉線,8.3,南船橋,新橋,1,44
JR京葉線,7.0,新習志野,新橋,1,49
JR京葉線,8.1,海浜幕張,新橋,1,49
JR京葉線,6.6,検見川浜,新橋,1,52
JR京葉線,6.9,稲毛海岸,新橋,1,54
JR京葉線,9.2,千葉みなと,新橋,1,58
JR京葉線,7.5,蘇我,新橋,0,52
JR八高線,8.1,八王子,新橋,1,74
JR八高線,7.2,北八王子,新橋,2,80
JR八高線,6.2,小宮,新橋,2,87
JR八高線,6.0,拝島,新橋,1,79
JR八高線,5.8,東福生,新橋,2,86
JR八高線,5.3,箱根ケ崎,新橋,2,91
JR八高線,4.5,金子,新橋,2,96
JR八高線,5.5,東飯能,新橋,2,92
JR八高線,5.2,高麗川,新橋,2,100
JR八高線,3.4,毛呂,新橋,2,151
JR八高線,4.7,越生,新橋,2,111
JR八高線,4.0,明覚,新橋,2,141
JR八高線,4.0,小川町,新橋,1,17
JR八高線,3.6,竹沢,新橋,1,172
JR八高線,4.7,折原,新橋,1,167
JR八高線,4.8,寄居,新橋,1,122
JR八高線,4.7,用土,新橋,1,157
JR八高線,4.0,児玉,新橋,1,145
JR八高線,3.7,丹荘,新橋,1,141
JR八高線,3.0,群馬藤岡,新橋,1,136
JR八高線,4.3,北藤岡,新橋,1,131
JR八高線,6.0,倉賀野,新橋,0,126
JR八高線,6.4,高崎,新橋,0,130
JR内房線,8.1,千葉,新橋,0,46
JR内房線,7.5,本千葉,新橋,0,49
JR内房線,7.5,蘇我,新橋,0,52
JR内房線,7.0,浜野,新橋,0,57
JR内房線,6.1,八幡宿,新橋,0,60
JR内房線,5.6,五井,新橋,0,64
JR内房線,5.9,姉ケ崎,新橋,0,69
JR内房線,6.8,袖ケ浦,新橋,0,78
JR内房線,5.3,巌根,新橋,1,92
JR内房線,6.5,木更津,新橋,0,84
JR内房線,4.6,君津,新橋,0,91
JR内房線,4.9,青堀,新橋,1,108
JR内房線,4.7,大貫,新橋,1,113
JR内房線,4.7,佐貫町,新橋,1,117
JR内房線,4.7,上総湊,新橋,1,122
JR内房線,4.7,竹岡,新橋,1,128
JR内房線,4.7,浜金谷,新橋,1,133
JR内房線,11.2,安房勝山,新橋,1,141
JR内房線,4.7,岩井,新橋,1,144
JR内房線,4.7,富浦,新橋,3,444
JR内房線,5.7,那古船形,新橋,1,153
JR内房線,6.2,館山,新橋,1,158
JR内房線,4.7,九重,新橋,1,164
JR内房線,5.3,千倉,新橋,1,170
JR内房線,5.3,江見,新橋,2,582
JR内房線,4.7,太海,新橋,2,485
JR南武線,8.8,立川,新橋,1,63
JR南武線,9.2,西国立,新橋,1,71
JR南武線,8.4,矢川,新橋,1,69
JR南武線,8.3,谷保,新橋,1,67
JR南武線,8.0,西府,新橋,1,64
JR南武線,8.9,分倍河原,新橋,1,62
JR南武線,9.8,府中本町,新橋,1,60
JR南武線,8.5,南多摩,新橋,1,57
JR南武線,8.2,稲城長沼,新橋,1,52
JR南武線,8.3,矢野口,新橋,1,50
JR南武線,8.7,稲田堤,新橋,1,47
JR南武線,8.5,中野島,新橋,1,45
JR南武線,10.4,登戸,新橋,1,41
JR南武線,9.8,宿河原,新橋,1,40
JR南武線,9.5,久地,新橋,1,38
JR南武線,10.2,津田山,新橋,1,36
JR南武線,11.2,武蔵溝ノ口,新橋,1,33
JR南武線,10.0,武蔵新城,新橋,1,30
JR南武線,10.4,武蔵中原,新橋,1,28
JR南武線,12.0,武蔵小杉,新橋,0,15
JR南武線,12.0,向河原,新橋,1,27
JR南武線,10.7,平間,新橋,1,29
JR南武線,10.0,鹿島田,新橋,0,27
JR南武線,10.2,矢向,新橋,1,26
JR南武線,10.4,尻手,新橋,1,24
JR南武線,10.0,川崎,新橋,0,17
JR埼京線,10.4,北与野,新橋,1,50
JR埼京線,8.2,与野本町,新橋,1,52
JR埼京線,8.3,南与野,新橋,1,51
JR埼京線,8.8,中浦和,新橋,1,49
JR埼京線,8.9,武蔵浦和,新橋,1,42
JR埼京線,8.3,北戸田,新橋,1,39
JR埼京線,8.5,戸田公園,新橋,1,34
JR埼京線,9.3,浮間舟渡,新橋,1,31
JR埼京線,10.3,北赤羽,新橋,1,29
JR埼京線,12.0,赤羽,新橋,0,22
JR埼京線,11.4,十条,新橋,1,34
JR埼京線,12.1,板橋,新橋,0,38
JR埼京線,13.9,池袋,新橋,0,31
JR埼京線,18.9,新宿,新橋,0,30
JR埼京線,22.3,渋谷,新橋,0,14
JR埼京線,21.6,恵比寿,新橋,0,21
JR埼京線,16.8,大崎,新橋,0,13
JR埼京線,13.9,西大井,新橋,0,10
JR埼京線,12.0,武蔵小杉,新橋,0,15
JR埼京線,8.0,羽沢横浜国大,新橋,1,40
JR外房線,8.1,千葉,新橋,0,46
JR外房線,7.5,本千葉,新橋,0,49
JR外房線,7.5,蘇我,新橋,0,52
JR外房線,7.0,鎌取,新橋,1,62
JR外房線,6.7,誉田,新橋,1,66
JR外房線,5.8,土気,新橋,1,70
JR外房線,4.8,大網,新橋,1,75
JR外房線,4.6,永田,新橋,0,11
JR外房線,5.1,本納,新橋,1,87
JR外房線,4.8,新茂原,新橋,1,91
JR外房線,4.5,茂原,新橋,1,83
JR外房線,4.5,八積,新橋,1,98
JR外房線,5.9,上総一ノ宮,新橋,1,87
JR外房線,5.0,東浪見,新橋,2,105
JR外房線,4.7,太東,新橋,2,113
JR外房線,4.8,長者町,新橋,2,116
JR外房線,4.7,三門,新橋,2,115
JR外房線,4.7,浪花,新橋,1,139
JR外房線,5.0,御宿,新橋,1,106
JR外房線,5.4,勝浦,新橋,1,112
JR外房線,4.7,鵜原,新橋,1,134
JR外房線,4.7,上総興津,新橋,1,138
JR外房線,4.7,安房小湊,新橋,1,148
JR外房線,4.2,安房天津,新橋,1,152
JR宇都宮線,3.8,矢板,新橋,2,107
JR宇都宮線,3.1,片岡,新橋,2,101
JR宇都宮線,3.6,蒲須坂,新橋,2,97
JR宇都宮線,4.5,氏家,新橋,2,92
JR宇都宮線,6.0,宝積寺,新橋,2,87
JR宇都宮線,6.5,宇都宮,新橋,0,128
JR宇都宮線,5.7,雀宮,新橋,0,121
JR宇都宮線,4.8,石橋,新橋,3,204
JR宇都宮線,5.2,自治医大,新橋,0,110
JR宇都宮線,5.4,小金井,新橋,0,108
JR宇都宮線,4.8,小山,新橋,0,99
JR宇都宮線,5.4,間々田,新橋,0,93
JR宇都宮線,4.5,野木,新橋,0,89
JR宇都宮線,4.3,古河,新橋,0,85
JR宇都宮線,5.3,栗橋,新橋,0,78
JR宇都宮線,4.9,東鷲宮,新橋,0,73
JR宇都宮線,5.1,久喜,新橋,0,69
JR宇都宮線,6.5,新白岡,新橋,0,66
JR宇都宮線,6.2,白岡,新橋,0,62
JR宇都宮線,5.8,蓮田,新橋,0,58
JR宇都宮線,6.3,東大宮,新橋,0,53
JR宇都宮線,7.5,土呂,新橋,0,50
JR宇都宮線,11.0,さいたま新都心,新橋,0,35
JR宇都宮線,10.3,浦和,新橋,0,30
JR宇都宮線,12.0,赤羽,新橋,0,22
JR宇都宮線,11.0,尾久,新橋,0,16
JR宇都宮線,15.5,上野,新橋,0,9
JR山手線,16.8,大崎,新橋,0,13
JR山手線,17.8,五反田,新橋,0,12
JR山手線,19.0,目黒,新橋,0,18
JR山手線,21.6,恵比寿,新橋,0,21
JR山手線,22.3,渋谷,新橋,0,14
JR山手線,23.5,原宿,新橋,0,27
JR山手線,18.5,代々木,新橋,0,28
JR山手線,18.9,新宿,新橋,0,30
JR山手線,15.4,新大久保,新橋,0,34
JR山手線,14.5,高田馬場,新橋,0,35
JR山手線,14.5,目白,新橋,0,33
JR山手線,13.9,池袋,新橋,0,31
JR山手線,14.2,大塚,新橋,0,27
JR山手線,13.8,巣鴨,新橋,0,26
JR山手線,13.7,駒込,新橋,0,24
JR山手線,11.4,田端,新橋,0,20
JR山手線,12.0,西日暮里,新橋,0,19
JR山手線,12.6,日暮里,新橋,0,13
JR山手線,13.4,鶯谷,新橋,0,15
JR山手線,15.5,上野,新橋,0,9
JR山手線,16.0,御徒町,新橋,0,11
JR山手線,17.0,秋葉原,新橋,0,9
JR山手線,17.7,神田,新橋,0,7
JR山手線,18.8,東京,新橋,0,2
JR山手線,18.7,有楽町,新橋,0,2
JR山手線,22.4,浜松町,新橋,0,2
JR山手線,19.0,田町,新橋,0,5
JR山手線,19.4,高輪ゲートウェイ,新橋,0,7
JR山手線,18.2,品川,新橋,0,4
JR川越線,7.0,日進,新橋,5,724
JR川越線,7.5,西大宮,新橋,1,53
JR川越線,6.8,指扇,新橋,1,57
JR川越線,6.4,南古谷,新橋,1,66
JR川越線,6.7,川越,新橋,1,72
JR川越線,4.8,西川越,新橋,2,73
JR川越線,5.7,的場,新橋,2,76
JR川越線,5.5,笠幡,新橋,2,80
JR川越線,3.8,武蔵高萩,新橋,2,84
JR川越線,5.2,高麗川,新橋,2,100
JR常磐線,4.2,大津港,新橋,2,162
JR常磐線,3.3,磯原,新橋,1,147
JR常磐線,4.2,南中郷,新橋,2,152
JR常磐線,4.4,高萩,新橋,1,141
JR常磐線,4.5,十王,新橋,2,143
JR常磐線,5.0,小木津,新橋,2,139
JR常磐線,5.4,日立,新橋,1,130
JR常磐線,5.1,常陸多賀,新橋,1,126
JR常磐線,4.8,大甕,新橋,1,129
JR常磐線,5.1,東海,新橋,1,109
JR常磐線,6.5,佐和,新橋,2,129
JR常磐線,5.8,勝田,新橋,1,112
JR常磐線,5.9,水戸,新橋,0,133
JR常磐線,5.8,赤塚,新橋,1,48
JR常磐線,5.2,内原,新橋,0,122
JR常磐線,4.4,友部,新橋,0,117
JR常磐線,3.0,岩間,新橋,0,111
JR常磐線,3.0,羽鳥,新橋,0,107
JR常磐線,3.0,石岡,新橋,0,102
JR常磐線,4.9,神立,新橋,0,92
JR常磐線,5.4,土浦,新橋,0,77
JR常磐線,5.5,荒川沖,新橋,0,72
JR常磐線,6.0,ひたち野うしく,新橋,0,69
JR常磐線,6.0,牛久,新橋,0,64
JR常磐線,4.8,藤代,新橋,0,57
JR常磐線,4.3,取手,新橋,0,51
JR常磐線,6.0,天王台,新橋,0,47
JR常磐線,7.4,我孫子,新橋,3,205
JR常磐線,8.2,柏,新橋,3,209
JR常磐線,8.5,松戸,新橋,0,30
JR常磐線,10.9,北千住,新橋,0,21
JR常磐線,12.5,南千住,新橋,0,19
JR常磐線,11.9,三河島,新橋,0,16
JR常磐線,12.6,日暮里,新橋,0,13
JR常磐線,15.5,上野,新橋,0,9
JR御殿場線,5.5,国府津,新橋,0,77
JR御殿場線,5.9,下曽我,新橋,1,84
JR御殿場線,5.8,上大井,新橋,1,88
JR御殿場線,5.1,相模金子,新橋,1,92
JR御殿場線,4.9,松田,新橋,1,105
JR御殿場線,4.7,東山北,新橋,1,100
JR御殿場線,4.7,山北,新橋,1,104
JR御殿場線,4.7,谷峨,新橋,1,112
JR成田線,6.7,佐倉,新橋,0,66
JR成田線,6.5,酒々井,新橋,0,72
JR成田線,6.3,成田,新橋,0,89
JR成田線,5.2,久住,新橋,0,93
JR成田線,4.7,滑河,新橋,0,100
JR成田線,4.7,下総神崎,新橋,0,106
JR成田線,5.3,大戸,新橋,0,111
JR成田線,5.0,佐原,新橋,0,115
JR成田線,4.9,香取,新橋,0,120
JR成田線,6.0,水郷,新橋,1,125
JR成田線,6.0,小見川,新橋,1,130
JR成田線,5.8,笹川,新橋,1,136
JR成田線,5.0,下総橘,新橋,1,144
JR成田線,5.1,下総豊里,新橋,1,148
JR成田線,4.3,椎柴,新橋,1,153
JR成田線,4.5,松岸,新橋,1,143
JR成田線,5.6,銚子,新橋,1,147
JR東海道線,18.8,東京,新橋,0,2
JR東海道線,18.2,品川,新橋,0,4
JR東海道線,10.0,川崎,新橋,0,17
JR東海道線,12.2,横浜,新橋,0,27
JR東海道線,8.3,戸塚,新橋,0,38
JR東海道線,8.5,大船,新橋,0,44
JR東海道線,10.1,藤沢,新橋,0,44
JR東海道線,8.9,辻堂,新橋,0,54
JR東海道線,9.0,茅ケ崎,新橋,0,52
JR東海道線,6.9,平塚,新橋,0,59
JR東海道線,7.3,大磯,新橋,0,68
JR東海道線,4.7,二宮,新橋,0,67
JR東海道線,5.5,国府津,新橋,0,77
JR東海道線,6.5,鴨宮,新橋,0,82
JR東海道線,7.0,小田原,新橋,0,86
JR東海道線,6.7,早川,新橋,0,98
JR東海道線,4.7,根府川,新橋,0,103
JR東海道線,4.3,真鶴,新橋,0,108
JR東海道線,5.8,湯河原,新橋,0,112
JR東金線,4.8,大網,新橋,1,75
JR東金線,4.8,福俵,新橋,1,85
JR東金線,4.5,東金,新橋,1,88
JR東金線,4.5,求名,新橋,1,99
JR東金線,3.9,成東,新橋,0,104
JR根岸線,8.5,大船,新橋,0,44
JR根岸線,7.5,本郷台,新橋,0,67
JR根岸線,7.6,港南台,新橋,0,64
JR根岸線,7.9,洋光台,新橋,0,61
JR根岸線,9.5,新杉田,新橋,0,58
JR根岸線,8.7,磯子,新橋,0,55
JR根岸線,9.0,根岸,新橋,0,52
JR根岸線,9.2,山手,新橋,0,49
JR根岸線,11.2,石川町,新橋,0,47
JR根岸線,12.3,関内,新橋,0,45
JR根岸線,12.2,桜木町,新橋,0,42
JR根岸線,12.2,横浜,新橋,0,27
JR横浜線,8.1,八王子,新橋,1,74
JR横浜線,7.5,片倉,新橋,1,89
JR横浜線,8.0,八王子みなみ野,新橋,1,87
JR横浜線,7.8,相原,新橋,1,83
JR横浜線,7.7,橋本,新橋,1,81
JR横浜線,6.5,相模原,新橋,1,78
JR横浜線,6.8,矢部,新橋,1,75
JR横浜線,6.5,淵野辺,新橋,1,73
JR横浜線,6.7,古淵,新橋,1,70
JR横浜線,8.2,町田,新橋,1,65
JR横浜線,7.5,成瀬,新橋,1,62
JR横浜線,8.3,長津田,新橋,1,59
JR横浜線,8.2,十日市場,新橋,1,56
JR横浜線,8.5,中山,新橋,1,53
JR横浜線,7.7,鴨居,新橋,1,50
JR横浜線,9.4,小机,新橋,1,46
JR横浜線,11.5,新横浜,新橋,0,51
JR横浜線,10.0,菊名,新橋,1,39
JR横浜線,9.7,大口,新橋,1,37
JR横浜線,11.5,東神奈川,新橋,0,36
JR横須賀線,18.8,東京,新橋,0,2
JR横須賀線,18.2,品川,新橋,0,4
JR横須賀線,13.9,西大井,新橋,0,10
JR横須賀線,12.0,武蔵小杉,新橋,0,15
JR横須賀線,10.0,新川崎,新橋,0,19
JR横須賀線,12.2,横浜,新橋,0,27
JR横須賀線,8.8,保土ケ谷,新橋,0,33
JR横須賀線,9.0,東戸塚,新橋,0,38
JR横須賀線,8.3,戸塚,新橋,0,38
JR横須賀線,8.5,大船,新橋,0,44
JR横須賀線,9.9,北鎌倉,新橋,0,52
JR横須賀線,12.2,鎌倉,新橋,0,55
JR横須賀線,10.9,逗子,新橋,0,59
JR横須賀線,10.5,東逗子,新橋,0,67
JR横須賀線,6.9,田浦,新橋,0,71
JR横須賀線,8.6,横須賀,新橋,0,74
JR横須賀線,5.5,衣笠,新橋,0,79
JR横須賀線,6.7,久里浜,新橋,0,86
JR武蔵野線,9.8,府中本町,新橋,1,60
JR武蔵野線,8.5,北府中,新橋,1,86
JR武蔵野線,9.8,西国分寺,新橋,1,56
JR武蔵野線,7.2,新小平,新橋,1,79
JR武蔵野線,7.2,新秋津,新橋,1,74
JR武蔵野線,6.7,東所沢,新橋,1,68
JR武蔵野線,7.6,新座,新橋,1,65
JR武蔵野線,8.3,北朝霞,新橋,1,61
JR武蔵野線,7.4,西浦和,新橋,1,56
JR武蔵野線,8.9,武蔵浦和,新橋,1,42
JR武蔵野線,8.3,南浦和,新橋,0,45
JR武蔵野線,7.0,東浦和,新橋,1,54
JR武蔵野線,8.1,東川口,新橋,1,55
JR武蔵野線,8.0,南越谷,新橋,1,51
JR武蔵野線,6.9,越谷レイクタウン,新橋,1,67
JR武蔵野線,7.1,吉川,新橋,1,65
JR武蔵野線,6.2,吉川美南,新橋,1,63
JR武蔵野線,5.8,新三郷,新橋,1,60
JR武蔵野線,7.9,南流山,新橋,1,45
JR武蔵野線,7.1,新松戸,新橋,1,43
JR武蔵野線,5.6,新八柱,新橋,1,46
JR武蔵野線,8.5,東松戸,新橋,0,37
JR武蔵野線,6.0,市川大野,新橋,1,51
JR武蔵野線,7.0,船橋法典,新橋,1,55
JR武蔵野線,9.7,西船橋,新橋,1,36
JR湘南新宿ライン（宇都宮線・横須賀線）,10.3,浦和,新橋,0,30
JR湘南新宿ライン（宇都宮線・横須賀線）,12.0,赤羽,新橋,0,22
JR湘南新宿ライン（宇都宮線・横須賀線）,13.9,池袋,新橋,0,31
JR湘南新宿ライン（宇都宮線・横須賀線）,18.9,新宿,新橋,0,30
JR湘南新宿ライン（宇都宮線・横須賀線）,22.3,渋谷,新橋,0,14
JR湘南新宿ライン（宇都宮線・横須賀線）,21.6,恵比寿,新橋,0,21
JR湘南新宿ライン（宇都宮線・横須賀線）,16.8,大崎,新橋,0,13
JR湘南新宿ライン（宇都宮線・横須賀線）,12.0,武蔵小杉,新橋,0,15
JR湘南新宿ライン（宇都宮線・横須賀線）,10.0,新川崎,新橋,0,19
JR湘南新宿ライン（宇都宮線・横須賀線）,12.2,横浜,新橋,0,27
JR湘南新宿ライン（高崎線・東海道線）,10.3,浦和,新橋,0,30
JR湘南新宿ライン（高崎線・東海道線）,12.0,赤羽,新橋,0,22
JR湘南新宿ライン（高崎線・東海道線）,13.9,池袋,新橋,0,31
JR湘南新宿ライン（高崎線・東海道線）,18.9,新宿,新橋,0,30
JR湘南新宿ライン（高崎線・東海道線）,22.3,渋谷,新橋,0,14
JR湘南新宿ライン（高崎線・東海道線）,21.6,恵比寿,新橋,0,21
JR湘南新宿ライン（高崎線・東海道線）,16.8,大崎,新橋,0,13
JR湘南新宿ライン（高崎線・東海道線）,12.0,武蔵小杉,新橋,0,15
JR湘南新宿ライン（高崎線・東海道線）,12.2,横浜,新橋,0,27
JR湘南新宿ライン（高崎線・東海道線）,8.3,戸塚,新橋,0,38
JR湘南新宿ライン（高崎線・東海道線）,8.5,大船,新橋,0,44
JR相模線,7.7,橋本,新橋,1,81
JR相模線,7.0,南橋本,新橋,2,90
JR相模線,5.8,上溝,新橋,1,125
JR相模線,5.5,番田,新橋,1,109
JR相模線,5.1,原当麻,新橋,1,103
JR相模線,5.7,下溝,新橋,1,101
JR相模線,6.3,相武台下,新橋,1,95
JR相模線,5.2,入谷,新橋,1,19
JR相模線,8.3,海老名,新橋,0,90
JR相模線,8.0,厚木,新橋,1,84
JR相模線,7.3,社家,新橋,1,80
JR相模線,6.9,門沢橋,新橋,1,77
JR相模線,6.9,倉見,新橋,1,75
JR相模線,5.7,宮山,新橋,1,72
JR相模線,7.1,寒川,新橋,1,69
JR相模線,7.6,香川,新橋,1,66
JR相模線,8.9,北茅ケ崎,新橋,1,63
JR相模線,9.0,茅ケ崎,新橋,0,52
JR総武本線,7.5,東千葉,新橋,1,54
JR総武本線,6.2,都賀,新橋,0,53
JR総武本線,5.8,四街道,新橋,0,57
JR総武本線,6.5,物井,新橋,0,62
JR総武本線,6.7,佐倉,新橋,0,66
JR総武本線,6.1,南酒々井,新橋,1,71
JR総武本線,4.8,八街,新橋,0,90
JR総武本線,5.4,日向,新橋,2,109
JR総武本線,3.9,成東,新橋,0,104
JR総武本線,3.8,横芝,新橋,1,105
JR総武本線,4.1,飯倉,新橋,1,110
JR総武本線,4.4,飯岡,新橋,1,130
JR総武本線,4.7,倉橋,新橋,1,134
JR総武本線,4.7,猿田,新橋,1,138
JR総武本線,4.5,松岸,新橋,1,143
JR総武本線,5.6,銚子,新橋,1,147
JR総武線快速,18.8,東京,新橋,0,2
JR総武線快速,17.8,新日本橋,新橋,0,6
JR総武線快速,16.6,馬喰町,新橋,0,8
JR総武線快速,14.2,錦糸町,新橋,0,12
JR総武線快速,8.7,新小岩,新橋,0,18
JR総武線快速,9.3,市川,新橋,0,23
JR総武線快速,9.1,船橋,新橋,0,30
JR総武線快速,8.7,津田沼,新橋,0,34
JR総武線快速,6.8,稲毛,新橋,0,41
JR総武線快速,8.1,千葉,新橋,0,46
JR青梅線,8.8,立川,新橋,1,63
JR青梅線,7.0,西立川,新橋,1,68
JR青梅線,6.9,東中神,新橋,1,71
JR青梅線,6.9,中神,新橋,1,73
JR青梅線,6.5,昭島,新橋,1,76
JR青梅線,6.0,拝島,新橋,1,79
JR青梅線,5.9,牛浜,新橋,1,82
JR青梅線,5.6,福生,新橋,1,85
JR青梅線,5.5,羽村,新橋,1,88
JR青梅線,6.0,小作,新橋,1,91
JR青梅線,5.5,河辺,新橋,1,94
JR青梅線,5.4,東青梅,新橋,1,98
JR青梅線,5.0,青梅,新橋,1,100
JR青梅線,4.9,宮ノ平,新橋,2,107
JR青梅線,4.6,日向和田,新橋,2,109
JR青梅線,4.5,石神前,新橋,2,111
JR青梅線,4.5,二俣尾,新橋,2,114
JR青梅線,4.2,軍畑,新橋,2,125
JR青梅線,4.2,沢井,新橋,2,127
JR青梅線,4.2,御嶽,新橋,2,130
JR青梅線,4.7,川井,新橋,2,135
JR青梅線,4.7,古里,新橋,2,138
JR青梅線,4.7,鳩ノ巣,新橋,2,142
JR青梅線,4.7,奥多摩,新橋,2,147
JR高崎線,6.4,高崎,新橋,0,130
JR高崎線,6.0,倉賀野,新橋,0,126
JR高崎線,4.2,神保原,新橋,0,115
JR高崎線,4.9,本庄,新橋,0,110
JR高崎線,4.7,岡部,新橋,0,105
JR高崎線,4.7,深谷,新橋,0,100
JR高崎線,5.0,籠原,新橋,0,91
JR高崎線,5.7,熊谷,新橋,0,84
JR高崎線,4.6,行田,新橋,0,77
JR高崎線,5.6,北鴻巣,新橋,0,70
JR高崎線,4.8,鴻巣,新橋,0,66
JR高崎線,5.2,北本,新橋,0,62
JR高崎線,6.0,桶川,新橋,0,57
JR高崎線,6.0,北上尾,新橋,0,54
JR高崎線,6.0,上尾,新橋,4,768
JR高崎線,7.0,宮原,新橋,0,46
JR高崎線,11.0,さいたま新都心,新橋,0,35
JR高崎線,10.3,浦和,新橋,0,30
JR高崎線,12.0,赤羽,新橋,0,22
JR高崎線,11.0,尾久,新橋,0,16
JR高崎線,15.5,上野,新橋,0,9
JR鶴見線,9.7,鶴見,新橋,0,28
JR鶴見線,10.3,国道,新橋,1,32
JR鶴見線,8.8,鶴見小野,新橋,1,34
JR鶴見線,8.5,弁天橋,新橋,1,36
JR鶴見線,8.5,浅野,新橋,1,38
JR鶴見線,7.1,新芝浦,新橋,1,42
JR鶴見線,8.2,安善,新橋,1,39
JR鶴見線,4.7,大川,新橋,1,44
JR鶴見線,8.6,武蔵白石,新橋,1,41
JR鶴見線,8.8,浜川崎,新橋,1,44
JR鶴見線,8.3,昭和,新橋,1,47
JR鶴見線,6.7,扇町,新橋,3,179
JR鹿島線,5.0,佐原,新橋,0,115
JR鹿島線,4.9,香取,新橋,0,120
JR鹿島線,4.8,十二橋,新橋,0,126
JR鹿島線,3.9,潮来,新橋,0,129
JR鹿島線,5.8,延方,新橋,0,134
JR鹿島線,5.7,鹿島神宮,新橋,0,139
つくばエクスプレス,17.0,秋葉原,新橋,0,9
つくばエクスプレス,15.4,新御徒町,新橋,1,21
つくばエクスプレス,14.0,浅草,新橋,0,15
つくばエクスプレス,12.5,南千住,新橋,0,19
つくばエクスプレス,10.9,北千住,新橋,0,21
つくばエクスプレス,9.0,青井,新橋,1,30
つくばエクスプレス,8.0,六町,新橋,1,32
つくばエクスプレス,8.0,八潮,新橋,1,36
つくばエクスプレス,8.3,三郷中央,新橋,1,42
つくばエクスプレス,7.9,南流山,新橋,1,45
つくばエクスプレス,9.4,流山セントラルパーク,新橋,1,48
つくばエクスプレス,10.4,流山おおたかの森,新橋,1,50
つくばエクスプレス,9.3,柏の葉キャンパス,新橋,1,55
つくばエクスプレス,9.8,柏たなか,新橋,1,58
つくばエクスプレス,7.6,守谷,新橋,1,60
つくばエクスプレス,7.0,みらい平,新橋,1,62
つくばエクスプレス,7.0,みどりの,新橋,1,66
つくばエクスプレス,7.2,万博記念公園,新橋,3,193
つくばエクスプレス,7.3,研究学園,新橋,1,72
つくばエクスプレス,6.3,つくば,新橋,1,75
りんかい線,16.8,大崎,新橋,0,13
りんかい線,14.5,大井町,新橋,0,13
りんかい線,17.0,品川シーサイド,新橋,1,23
りんかい線,17.1,天王洲アイル,新橋,1,11
りんかい線,16.9,東京テレポート,新橋,0,23
りんかい線,20.0,国際展示場,新橋,0,30
りんかい線,17.7,東雲,新橋,1,27
りんかい線,12.4,新木場,新橋,1,21
京急久里浜線,6.8,堀ノ内,新橋,0,80
京急久里浜線,6.5,新大津,新橋,0,82
京急久里浜線,6.0,北久里浜,新橋,0,84
京急久里浜線,6.8,京急久里浜,新橋,0,87
京急久里浜線,5.8,ＹＲＰ野比,新橋,0,90
京急久里浜線,6.7,京急長沢,新橋,0,94
京急久里浜線,6.3,津久井浜,新橋,0,96
京急久里浜線,6.4,三浦海岸,新橋,0,98
京急久里浜線,5.9,三崎口,新橋,0,100
京急大師線,10.6,京急川崎,新橋,0,27
京急大師線,10.1,港町,新橋,1,31
京急大師線,9.7,鈴木町,新橋,1,32
京急大師線,9.6,川崎大師,新橋,1,34
京急大師線,9.5,東門前,新橋,1,35
京急大師線,9.1,小島新田,新橋,1,38
京急本線,19.4,泉岳寺,新橋,0,6
京急本線,18.2,品川,新橋,0,4
京急本線,17.5,北品川,新橋,1,13
京急本線,15.5,新馬場,新橋,1,14
京急本線,15.5,青物横丁,新橋,0,13
京急本線,14.1,鮫洲,新橋,1,17
京急本線,13.6,立会川,新橋,0,16
京急本線,13.2,大森海岸,新橋,1,24
京急本線,12.0,平和島,新橋,0,19
京急本線,11.5,大森町,新橋,1,24
京急本線,11.6,梅屋敷,新橋,1,26
京急本線,12.0,京急蒲田,新橋,0,22
京急本線,10.8,雑色,新橋,1,32
京急本線,11.3,六郷土手,新橋,1,30
京急本線,10.6,京急川崎,新橋,0,27
京急本線,10.2,八丁畷,新橋,1,30
京急本線,10.0,鶴見市場,新橋,1,32
京急本線,10.0,京急鶴見,新橋,0,34
京急本線,9.0,生麦,新橋,1,39
京急本線,10.8,京急新子安,新橋,0,37
京急本線,9.9,子安,新橋,1,40
京急本線,11.6,神奈川新町,新橋,0,36
京急本線,12.5,神奈川,新橋,1,34
京急本線,12.2,横浜,新橋,0,27
京急本線,11.3,戸部,新橋,1,33
京急本線,11.8,日ノ出町,新橋,1,38
京急本線,10.4,黄金町,新橋,1,40
京急本線,8.8,南太田,新橋,1,39
京急本線,8.5,井土ヶ谷,新橋,1,46
京急本線,8.6,弘明寺,新橋,1,48
京急本線,8.7,上大岡,新橋,0,51
京急本線,8.2,屏風浦,新橋,1,56
京急本線,8.7,杉田,新橋,0,70
京急本線,7.9,京急富岡,新橋,1,61
京急本線,8.9,能見台,新橋,1,65
京急本線,8.5,金沢文庫,新橋,0,61
京急本線,8.3,金沢八景,新橋,0,65
京急本線,7.0,追浜,新橋,0,69
京急本線,6.9,京急田浦,新橋,1,75
京急本線,6.4,安針塚,新橋,1,78
京急本線,6.3,逸見,新橋,1,80
京急本線,8.2,汐入,新橋,0,75
京急本線,8.5,横須賀中央,新橋,0,77
京急本線,7.7,県立大学,新橋,1,81
京急本線,6.8,堀ノ内,新橋,0,80
京急本線,6.0,京急大津,新橋,1,69
京急本線,5.0,馬堀海岸,新橋,1,71
京急本線,5.1,浦賀,新橋,1,74
京急空港線,12.0,京急蒲田,新橋,0,22
京急空港線,11.4,糀谷,新橋,0,24
京急空港線,11.2,大鳥居,新橋,0,27
京急空港線,11.3,穴守稲荷,新橋,0,28
京急空港線,11.0,天空橋,新橋,0,30
京急逗子線,8.3,金沢八景,新橋,0,65
京急逗子線,8.2,六浦,新橋,1,78
京急逗子線,10.7,神武寺,新橋,1,75
京成千原線,8.0,千葉中央,新橋,1,61
京成千原線,7.7,千葉寺,新橋,1,67
京成千原線,7.4,大森台,新橋,1,69
京成千原線,6.8,学園前,新橋,3,530
京成千原線,6.8,おゆみ野,新橋,1,76
京成千原線,5.7,ちはら台,新橋,1,78
京成千葉線,8.3,京成津田沼,新橋,0,50
京成千葉線,7.9,京成幕張本郷,新橋,1,44
京成千葉線,7.8,京成幕張,新橋,1,69
京成千葉線,7.2,検見川,新橋,1,67
京成千葉線,7.5,京成稲毛,新橋,1,64
京成千葉線,5.7,みどり台,新橋,1,62
京成千葉線,5.8,西登戸,新橋,1,60
京成千葉線,9.0,新千葉,新橋,1,59
京成千葉線,9.2,京成千葉,新橋,0,53
京成千葉線,8.0,千葉中央,新橋,1,61
京成成田空港線,16.0,京成上野,新橋,0,21
京成成田空港線,12.6,日暮里,新橋,0,13
京成成田空港線,8.8,青砥,新橋,0,27
京成成田空港線,8.2,京成高砂,新橋,0,30
京成成田空港線,8.5,東松戸,新橋,0,37
京成成田空港線,5.8,千葉ニュータウン中央,新橋,0,50
京成成田空港線,8.1,印旛日本医大,新橋,0,55
京成成田空港線,5.9,成田湯川,新橋,0,58
京成押上線,12.7,京成曳舟,新橋,0,23
京成押上線,12.2,八広,新橋,0,25
京成押上線,8.6,四ツ木,新橋,0,28
京成押上線,8.5,京成立石,新橋,0,29
京成押上線,8.8,青砥,新橋,0,27
京成本線,6.5,京成成田,新橋,0,83
京成本線,7.2,公津の杜,新橋,1,87
京成本線,8.1,宗吾参道,新橋,1,85
京成本線,7.0,京成酒々井,新橋,1,82
京成本線,7.1,大佐倉,新橋,1,80
京成本線,6.6,京成佐倉,新橋,0,73
京成本線,6.1,京成臼井,新橋,1,69
京成本線,5.8,ユーカリが丘,新橋,1,66
京成本線,6.3,志津,新橋,1,64
京成本線,6.9,勝田台,新橋,0,63
京成本線,5.4,京成大和田,新橋,1,65
京成本線,5.4,八千代台,新橋,0,58
京成本線,5.1,実籾,新橋,1,56
京成本線,7.5,京成大久保,新橋,1,53
京成本線,8.3,京成津田沼,新橋,0,50
京成本線,9.1,谷津,新橋,1,50
京成本線,9.2,船橋競馬場,新橋,1,44
京成本線,9.0,大神宮下,新橋,1,43
京成本線,9.5,京成船橋,新橋,0,36
京成本線,8.4,海神,新橋,1,39
京成本線,9.9,京成西船,新橋,1,41
京成本線,9.2,東中山,新橋,1,42
京成本線,8.4,京成中山,新橋,1,44
京成本線,8.4,鬼越,新橋,1,43
京成本線,10.0,京成八幡,新橋,0,38
京成本線,8.9,菅野,新橋,1,51
京成本線,9.7,市川真間,新橋,1,46
京成本線,9.2,国府台,新橋,1,44
京成本線,8.5,江戸川,新橋,1,43
京成本線,8.5,京成小岩,新橋,1,37
京成本線,8.2,京成高砂,新橋,0,30
京成本線,8.8,青砥,新橋,0,27
京成本線,8.4,お花茶屋,新橋,1,33
京成本線,8.3,堀切菖蒲園,新橋,1,35
京成本線,11.4,京成関屋,新橋,1,33
京成本線,11.6,千住大橋,新橋,1,26
京成本線,11.0,町屋,新橋,1,24
京成本線,11.3,新三河島,新橋,1,22
京成本線,12.6,日暮里,新橋,0,13
京成本線,16.0,京成上野,新橋,0,21
京成金町線,8.2,京成高砂,新橋,0,30
京成金町線,8.0,柴又,新橋,1,38
京成金町線,7.9,京成金町,新橋,1,40
京王井の頭線,22.3,渋谷,新橋,0,14
京王井の頭線,19.5,神泉,新橋,1,25
京王井の頭線,17.5,駒場東大前,新橋,1,27
京王井の頭線,16.9,池ノ上,新橋,1,29
京王井の頭線,15.1,下北沢,新橋,1,27
京王井の頭線,14.4,新代田,新橋,1,32
京王井の頭線,13.3,東松原,新橋,1,34
京王井の頭線,13.0,明大前,新橋,1,35
京王井の頭線,12.5,永福町,新橋,1,38
京王井の頭線,12.7,西永福,新橋,1,41
京王井の頭線,13.0,浜田山,新橋,1,42
京王井の頭線,12.7,高井戸,新橋,1,44
京王井の頭線,11.5,富士見ヶ丘,新橋,1,46
京王井の頭線,11.5,久我山,新橋,1,45
京王井の頭線,11.9,三鷹台,新橋,1,47
京王井の頭線,12.5,井の頭公園,新橋,1,49
京王井の頭線,12.0,吉祥寺,新橋,1,39
京王動物園線,6.0,多摩動物公園,新橋,2,83
京王相模原線,9.1,調布,新橋,1,68
京王相模原線,8.9,京王多摩川,新橋,1,72
京王相模原線,8.5,京王稲田堤,新橋,1,54
京王相模原線,8.5,京王よみうりランド,新橋,1,76
京王相模原線,8.1,稲城,新橋,1,78
京王相模原線,8.5,若葉台,新橋,1,81
京王相模原線,7.6,京王永山,新橋,1,76
京王相模原線,7.1,京王多摩センター,新橋,1,79
京王相模原線,7.6,京王堀之内,新橋,1,91
京王相模原線,7.8,南大沢,新橋,1,94
京王相模原線,8.2,多摩境,新橋,1,96
京王相模原線,7.7,橋本,新橋,1,81
京王競馬場線,9.0,東府中,新橋,1,75
京王競馬場線,10.4,府中競馬正門前,新橋,2,82
京王線,15.5,初台,新橋,1,35
京王線,14.4,幡ヶ谷,新橋,1,37
京王線,18.9,新宿,新橋,0,30
京王線,14.2,笹塚,新橋,1,39
京王線,13.6,代田橋,新橋,1,44
京王線,13.0,明大前,新橋,1,35
京王線,13.0,下高井戸,新橋,1,48
京王線,12.7,桜上水,新橋,1,48
京王線,12.7,上北沢,新橋,1,53
京王線,12.2,八幡山,新橋,1,54
京王線,12.0,芦花公園,新橋,1,61
京王線,11.6,千歳烏山,新橋,1,55
京王線,10.9,仙川,新橋,1,58
京王線,9.8,つつじヶ丘,新橋,1,60
京王線,9.8,柴崎,新橋,1,71
京王線,9.2,国領,新橋,1,72
京王線,9.5,布田,新橋,1,74
京王線,9.1,調布,新橋,1,68
京王線,8.9,西調布,新橋,1,82
京王線,8.6,飛田給,新橋,1,84
京王線,8.7,武蔵野台,新橋,1,90
京王線,9.0,多磨霊園,新橋,1,92
京王線,9.0,東府中,新橋,1,75
京王線,9.4,府中,新橋,1,78
京王線,8.9,分倍河原,新橋,1,62
京王線,8.7,中河原,新橋,1,84
京王線,8.0,聖蹟桜ヶ丘,新橋,1,84
京王線,8.0,百草園,新橋,1,89
京王線,7.5,高幡不動,新橋,1,87
京王線,8.8,南平,新橋,1,94
京王線,8.3,平山城址公園,新橋,1,96
京王線,6.5,長沼,新橋,1,98
京王線,7.2,北野,新橋,1,95
京王線,8.4,京王八王子,新橋,1,83
京王高尾線,7.2,北野,新橋,1,95
京王高尾線,9.1,京王片倉,新橋,1,104
京王高尾線,7.0,山田,新橋,3,192
京王高尾線,6.6,めじろ台,新橋,1,104
京王高尾線,6.6,狭間,新橋,1,105
京王高尾線,6.0,高尾,新橋,1,81
京王高尾線,6.8,高尾山口,新橋,1,110
北総鉄道北総線,8.2,京成高砂,新橋,0,30
北総鉄道北総線,8.2,新柴又,新橋,0,37
北総鉄道北総線,7.1,矢切,新橋,0,41
北総鉄道北総線,6.6,北国分,新橋,0,41
北総鉄道北総線,6.6,秋山,新橋,0,46
北総鉄道北総線,8.5,東松戸,新橋,0,37
北総鉄道北総線,6.7,松飛台,新橋,0,47
北総鉄道北総線,5.8,大町,新橋,3,347
北総鉄道北総線,5.5,西白井,新橋,0,48
北総鉄道北総線,5.5,白井,新橋,0,50
北総鉄道北総線,5.3,小室,新橋,0,52
北総鉄道北総線,5.8,千葉ニュータウン中央,新橋,0,50
北総鉄道北総線,5.8,印西牧の原,新橋,0,60
北総鉄道北総線,8.1,印旛日本医大,新橋,0,55
千葉モノレール1号線,9.2,千葉みなと,新橋,1,58
千葉モノレール1号線,9.0,市役所前,新橋,3,329
千葉モノレール1号線,7.4,栄町,新橋,1,34
千葉モノレール1号線,8.2,葭川公園,新橋,1,57
多摩モノレール,5.9,上北台,新橋,2,82
多摩モノレール,6.2,桜街道,新橋,2,80
多摩モノレール,6.5,玉川上水,新橋,1,88
多摩モノレール,8.0,砂川七番,新橋,2,77
多摩モノレール,7.8,泉体育館,新橋,2,75
多摩モノレール,8.7,立飛,新橋,2,73
多摩モノレール,9.2,高松,新橋,2,72
多摩モノレール,10.9,立川北,新橋,1,67
多摩モノレール,10.4,立川南,新橋,1,67
多摩モノレール,8.9,柴崎体育館,新橋,2,71
多摩モノレール,8.2,甲州街道,新橋,2,73
多摩モノレール,8.1,万願寺,新橋,2,76
多摩モノレール,7.5,高幡不動,新橋,1,87
多摩モノレール,7.5,程久保,新橋,2,80
多摩モノレール,6.0,多摩動物公園,新橋,2,83
多摩モノレール,7.4,中央大学・明星大学,新橋,2,85
多摩モノレール,7.4,大塚・帝京大学,新橋,2,87
多摩モノレール,7.0,松が谷,新橋,2,89
多摩モノレール,7.6,多摩センター,新橋,1,82
小田急多摩線,8.3,新百合ヶ丘,新橋,1,53
小田急多摩線,9.3,五月台,新橋,2,59
小田急多摩線,6.7,栗平,新橋,1,70
小田急多摩線,8.3,黒川,新橋,2,63
小田急多摩線,8.3,はるひ野,新橋,2,64
小田急多摩線,7.5,小田急永山,新橋,1,74
小田急多摩線,7.2,小田急多摩センター,新橋,1,77
小田急多摩線,7.5,唐木田,新橋,1,77
小田急小田原線,18.9,新宿,新橋,0,30
小田急小田原線,18.5,南新宿,新橋,1,40
小田急小田原線,17.0,参宮橋,新橋,1,42
小田急小田原線,18.5,代々木八幡,新橋,1,44
小田急小田原線,16.8,代々木上原,新橋,1,21
小田急小田原線,17.1,東北沢,新橋,1,25
小田急小田原線,15.1,下北沢,新橋,1,27
小田急小田原線,14.2,世田谷代田,新橋,1,29
小田急小田原線,13.0,梅ヶ丘,新橋,1,31
小田急小田原線,13.5,豪徳寺,新橋,1,32
小田急小田原線,13.2,経堂,新橋,1,34
小田急小田原線,12.9,千歳船橋,新橋,1,40
小田急小田原線,13.5,祖師ヶ谷大蔵,新橋,1,42
小田急小田原線,13.3,成城学園前,新橋,1,36
小田急小田原線,11.5,喜多見,新橋,1,46
小田急小田原線,9.4,狛江,新橋,1,48
小田急小田原線,10.4,和泉多摩川,新橋,1,50
小田急小田原線,10.4,登戸,新橋,1,41
小田急小田原線,10.0,向ヶ丘遊園,新橋,1,43
小田急小田原線,7.8,生田,新橋,1,47
小田急小田原線,7.8,読売ランド前,新橋,1,49
小田急小田原線,8.9,百合ヶ丘,新橋,1,51
小田急小田原線,8.4,柿生,新橋,1,56
小田急小田原線,6.6,鶴川,新橋,1,59
小田急小田原線,7.9,玉川学園前,新橋,1,65
小田急小田原線,8.2,町田,新橋,1,65
小田急小田原線,8.8,相模大野,新橋,1,71
小田急小田原線,6.8,小田急相模原,新橋,1,74
小田急小田原線,6.2,相武台前,新橋,1,77
小田急小田原線,6.9,座間,新橋,1,85
小田急小田原線,8.3,海老名,新橋,0,90
小田急小田原線,8.0,厚木,新橋,1,84
小田急小田原線,7.2,本厚木,新橋,1,91
小田急小田原線,6.6,愛甲石田,新橋,1,99
小田急小田原線,6.0,伊勢原,新橋,1,102
小田急小田原線,6.6,鶴巻温泉,新橋,1,107
小田急小田原線,6.5,東海大学前,新橋,1,109
小田急小田原線,6.2,秦野,新橋,1,106
小田急小田原線,5.7,渋沢,新橋,1,109
小田急小田原線,5.9,新松田,新橋,1,102
小田急小田原線,5.5,開成,新橋,1,99
小田急小田原線,5.8,栢山,新橋,1,102
小田急小田原線,6.1,富水,新橋,1,100
小田急小田原線,6.0,螢田,新橋,1,98
小田急小田原線,6.4,足柄,新橋,1,96
小田急小田原線,7.0,小田原,新橋,0,86
小田急江ノ島線,8.8,相模大野,新橋,1,71
小田急江ノ島線,8.3,東林間,新橋,1,91
小田急江ノ島線,8.2,中央林間,新橋,1,70
小田急江ノ島線,7.5,南林間,新橋,1,70
小田急江ノ島線,7.5,鶴間,新橋,1,85
小田急江ノ島線,7.9,大和,新橋,0,79
小田急江ノ島線,6.8,桜ヶ丘,新橋,1,74
小田急江ノ島線,6.5,高座渋谷,新橋,1,72
小田急江ノ島線,8.0,長後,新橋,1,69
小田急江ノ島線,8.3,湘南台,新橋,1,53
小田急江ノ島線,7.9,六会日大前,新橋,1,64
小田急江ノ島線,6.1,善行,新橋,1,61
小田急江ノ島線,8.8,藤沢本町,新橋,1,58
小田急江ノ島線,10.1,藤沢,新橋,0,44
小田急江ノ島線,10.2,本鵠沼,新橋,1,54
小田急江ノ島線,10.2,鵠沼海岸,新橋,1,56
小田急江ノ島線,11.4,片瀬江ノ島,新橋,1,59
新京成線,8.3,京成津田沼,新橋,0,50
新京成線,8.9,新津田沼,新橋,0,41
新京成線,8.0,前原,新橋,1,45
新京成線,6.7,薬園台,新橋,1,47
新京成線,5.8,習志野,新橋,1,49
新京成線,5.9,北習志野,新橋,1,50
新京成線,6.5,高根木戸,新橋,1,52
新京成線,6.8,高根公団,新橋,1,53
新京成線,6.7,滝不動,新橋,1,55
新京成線,5.8,三咲,新橋,1,54
新京成線,5.9,二和向台,新橋,1,52
新京成線,5.6,鎌ヶ谷大仏,新橋,1,51
新京成線,8.2,初富,新橋,1,48
新京成線,8.3,北初富,新橋,1,50
新京成線,5.5,くぬぎ山,新橋,1,52
新京成線,5.6,五香,新橋,1,48
新京成線,4.9,常盤平,新橋,1,46
新京成線,6.0,八柱,新橋,1,43
新京成線,6.2,みのり台,新橋,1,42
新京成線,6.9,松戸新田,新橋,1,40
新京成線,7.7,上本郷,新橋,1,39
新京成線,8.5,松戸,新橋,0,30
日暮里・舎人ライナー,7.4,見沼代親水公園,新橋,1,44
日暮里・舎人ライナー,8.3,舎人,新橋,1,42
日暮里・舎人ライナー,8.3,舎人公園,新橋,1,40
日暮里・舎人ライナー,8.0,谷在家,新橋,1,38
日暮里・舎人ライナー,8.0,西新井大師西,新橋,1,36
日暮里・舎人ライナー,9.0,江北,新橋,1,34
日暮里・舎人ライナー,8.9,高野,新橋,1,33
日暮里・舎人ライナー,8.9,扇大橋,新橋,1,31
日暮里・舎人ライナー,9.1,足立小台,新橋,1,29
日暮里・舎人ライナー,9.8,熊野前,新橋,1,33
日暮里・舎人ライナー,10.0,赤土小学校前,新橋,1,25
日暮里・舎人ライナー,12.0,西日暮里,新橋,0,19
日暮里・舎人ライナー,12.6,日暮里,新橋,0,13
東京モノレール,22.4,浜松町,新橋,0,2
東京モノレール,17.1,天王洲アイル,新橋,1,11
東京モノレール,13.2,大井競馬場前,新橋,1,15
東京モノレール,11.9,流通センター,新橋,1,17
東京モノレール,10.8,昭和島,新橋,1,19
東京モノレール,11.3,整備場,新橋,1,21
東京モノレール,11.0,天空橋,新橋,0,30
東京モノレール,5.3,新整備場,新橋,1,28
東急こどもの国線,8.3,長津田,新橋,1,59
東急こどもの国線,7.0,恩田,新橋,2,66
東急こどもの国線,6.9,こどもの国,新橋,2,69
東急世田谷線,15.0,三軒茶屋,新橋,1,23
東急世田谷線,15.6,西太子堂,新橋,2,33
東急世田谷線,14.1,若林,新橋,2,35
東急世田谷線,13.5,松陰神社前,新橋,2,37
東急世田谷線,13.3,世田谷,新橋,2,39
東急世田谷線,13.5,上町,新橋,2,41
東急世田谷線,13.2,宮の坂,新橋,2,38
東急世田谷線,13.6,山下,新橋,1,35
東急世田谷線,12.5,松原,新橋,2,41
東急世田谷線,13.0,下高井戸,新橋,1,48
東急多摩川線,12.3,多摩川,新橋,0,37
東急多摩川線,12.4,沼部,新橋,1,35
東急多摩川線,12.0,鵜の木,新橋,1,33
東急多摩川線,11.5,下丸子,新橋,1,31
東急多摩川線,11.3,武蔵新田,新橋,1,30
東急多摩川線,11.4,矢口渡,新橋,1,28
東急多摩川線,12.0,蒲田,新橋,0,19
東急大井町線,14.5,大井町,新橋,0,13
東急大井町線,15.0,下神明,新橋,1,21
東急大井町線,14.1,戸越公園,新橋,1,22
東急大井町線,13.7,中延,新橋,0,17
東急大井町線,13.0,荏原町,新橋,1,25
東急大井町線,12.8,旗の台,新橋,1,23
東急大井町線,13.5,北千束,新橋,1,30
東急大井町線,13.9,大岡山,新橋,0,32
東急大井町線,14.4,緑が丘,新橋,1,33
東急大井町線,14.9,自由が丘,新橋,1,29
東急大井町線,14.5,九品仏,新橋,1,37
東急大井町線,13.8,尾山台,新橋,1,39
東急大井町線,13.5,等々力,新橋,1,41
東急大井町線,13.5,上野毛,新橋,1,42
東急大井町線,12.7,二子玉川,新橋,1,36
東急大井町線,11.4,二子新地,新橋,1,38
東急大井町線,11.2,高津,新橋,1,39
東急大井町線,10.9,溝の口,新橋,1,37
東急新横浜線,11.5,新横浜,新橋,0,51
東急新横浜線,10.3,新綱島,新橋,0,48
東急新横浜線,10.3,日吉,新橋,0,44
東急東横線,22.3,渋谷,新橋,0,14
東急東横線,21.9,代官山,新橋,1,26
東急東横線,18.2,中目黒,新橋,1,26
東急東横線,15.2,祐天寺,新橋,1,31
東急東横線,15.0,学芸大学,新橋,1,31
東急東横線,15.0,都立大学,新橋,1,38
東急東横線,14.9,自由が丘,新橋,1,29
東急東横線,14.0,田園調布,新橋,0,35
東急東横線,12.3,多摩川,新橋,0,37
東急東横線,12.6,新丸子,新橋,0,43
東急東横線,12.0,武蔵小杉,新橋,0,15
東急東横線,10.5,元住吉,新橋,0,47
東急東横線,10.3,日吉,新橋,0,44
東急東横線,10.0,綱島,新橋,1,36
東急東横線,10.0,大倉山,新橋,1,39
東急東横線,10.0,菊名,新橋,1,39
東急東横線,9.9,妙蓮寺,新橋,1,42
東急東横線,10.6,白楽,新橋,1,40
東急東横線,10.7,東白楽,新橋,1,39
東急東横線,11.9,反町,新橋,1,37
東急東横線,12.2,横浜,新橋,0,27
東急池上線,17.8,五反田,新橋,0,12
東急池上線,17.1,大崎広小路,新橋,1,21
東急池上線,14.8,戸越銀座,新橋,0,21
東急池上線,13.8,荏原中延,新橋,1,26
東急池上線,12.8,旗の台,新橋,1,23
東急池上線,12.5,長原,新橋,1,29
東急池上線,12.2,洗足池,新橋,1,31
東急池上線,12.4,石川台,新橋,1,33
東急池上線,12.5,雪が谷大塚,新橋,1,35
東急池上線,12.4,御嶽山,新橋,1,35
東急池上線,12.0,久が原,新橋,1,33
東急池上線,11.2,千鳥町,新橋,1,31
東急池上線,11.6,池上,新橋,1,29
東急池上線,12.0,蓮沼,新橋,1,27
東急池上線,12.0,蒲田,新橋,0,19
東急田園都市線,22.3,渋谷,新橋,0,14
東急田園都市線,16.4,池尻大橋,新橋,1,20
東急田園都市線,15.0,三軒茶屋,新橋,1,23
東急田園都市線,14.5,駒沢大学,新橋,1,26
東急田園都市線,14.0,桜新町,新橋,1,29
東急田園都市線,13.7,用賀,新橋,1,32
東急田園都市線,12.7,二子玉川,新橋,1,36
東急田園都市線,11.4,二子新地,新橋,1,38
東急田園都市線,11.2,高津,新橋,1,39
東急田園都市線,10.9,溝の口,新橋,1,37
東急田園都市線,10.3,梶が谷,新橋,1,43
東急田園都市線,10.0,宮崎台,新橋,1,48
東急田園都市線,9.8,宮前平,新橋,1,50
東急田園都市線,9.6,鷺沼,新橋,1,46
東急田園都市線,9.5,たまプラーザ,新橋,1,49
東急田園都市線,9.5,あざみ野,新橋,1,51
東急田園都市線,9.1,江田,新橋,1,59
東急田園都市線,8.5,市が尾,新橋,1,63
東急田園都市線,8.5,藤が丘,新橋,1,65
東急田園都市線,8.5,青葉台,新橋,1,56
東急田園都市線,8.9,田奈,新橋,1,72
東急田園都市線,8.3,長津田,新橋,1,59
東急田園都市線,8.0,つくし野,新橋,1,63
東急田園都市線,7.5,すずかけ台,新橋,1,65
東急田園都市線,8.2,つきみ野,新橋,1,68
東急田園都市線,8.2,中央林間,新橋,1,70
東急目黒線,19.0,目黒,新橋,0,18
東急目黒線,16.7,不動前,新橋,0,25
東急目黒線,14.7,武蔵小山,新橋,0,27
東急目黒線,14.4,西小山,新橋,0,29
東急目黒線,13.6,洗足,新橋,0,31
東急目黒線,13.9,大岡山,新橋,0,32
東急目黒線,14.7,奥沢,新橋,0,35
東急目黒線,14.0,田園調布,新橋,0,35
東急目黒線,12.3,多摩川,新橋,0,37
東急目黒線,12.6,新丸子,新橋,0,43
東急目黒線,12.0,武蔵小杉,新橋,0,15
東急目黒線,10.5,元住吉,新橋,0,47
東急目黒線,10.3,日吉,新橋,0,44
東武亀戸線,11.4,亀戸,新橋,1,17
東武亀戸線,11.1,亀戸水神,新橋,2,25
東武亀戸線,10.5,東あずま,新橋,1,36
東武亀戸線,11.5,小村井,新橋,1,35
東武亀戸線,13.0,曳舟,新橋,0,31
東武伊勢崎線,14.0,浅草,新橋,0,15
東武伊勢崎線,14.0,とうきょうスカイツリー,新橋,0,32
東武伊勢崎線,13.0,曳舟,新橋,0,31
東武伊勢崎線,12.5,東向島,新橋,1,35
東武伊勢崎線,12.2,鐘ヶ淵,新橋,1,41
東武伊勢崎線,8.5,堀切,新橋,1,39
東武伊勢崎線,11.5,牛田,新橋,1,35
東武伊勢崎線,10.9,北千住,新橋,0,21
東武伊勢崎線,9.5,小菅,新橋,1,32
東武伊勢崎線,8.6,五反野,新橋,1,34
東武伊勢崎線,8.7,梅島,新橋,1,36
東武伊勢崎線,8.3,西新井,新橋,1,36
東武伊勢崎線,7.2,竹ノ塚,新橋,1,41
東武伊勢崎線,7.1,谷塚,新橋,1,45
東武伊勢崎線,7.2,草加,新橋,1,42
東武伊勢崎線,7.5,蒲生,新橋,3,191
東武伊勢崎線,8.1,新越谷,新橋,1,47
東武伊勢崎線,7.3,越谷,新橋,1,50
東武伊勢崎線,6.8,北越谷,新橋,1,63
東武伊勢崎線,6.4,大袋,新橋,1,65
東武伊勢崎線,4.5,せんげん台,新橋,1,59
東武伊勢崎線,4.9,武里,新橋,1,70
東武伊勢崎線,5.6,一ノ割,新橋,1,72
東武伊勢崎線,6.7,春日部,新橋,1,65
東武伊勢崎線,6.7,北春日部,新橋,1,77
東武伊勢崎線,4.5,姫宮,新橋,1,84
東武伊勢崎線,5.2,東武動物公園,新橋,1,71
東武伊勢崎線,5.8,和戸,新橋,1,75
東武伊勢崎線,5.1,久喜,新橋,0,69
東武伊勢崎線,4.4,鷲宮,新橋,1,78
東武伊勢崎線,5.0,花崎,新橋,1,81
東武伊勢崎線,4.7,加須,新橋,1,85
東武伊勢崎線,4.8,南羽生,新橋,1,90
東武伊勢崎線,4.2,羽生,新橋,1,93
東武伊勢崎線,4.0,川俣,新橋,1,98
東武伊勢崎線,4.3,茂林寺前,新橋,1,100
東武伊勢崎線,5.0,館林,新橋,1,104
東武伊勢崎線,4.4,多々良,新橋,2,106
東武伊勢崎線,4.7,県,新橋,1,81
東武伊勢崎線,3.5,福居,新橋,2,116
東武伊勢崎線,4.0,東武和泉,新橋,2,118
東武伊勢崎線,4.3,足利市,新橋,1,109
東武伊勢崎線,4.8,野州山辺,新橋,2,124
東武伊勢崎線,3.4,韮川,新橋,2,127
東武伊勢崎線,4.3,木崎,新橋,2,140
東武伊勢崎線,4.3,世良田,新橋,2,144
東武伊勢崎線,4.5,境町,新橋,2,147
東武伊勢崎線,4.9,剛志,新橋,2,151
東武伊勢崎線,5.0,新伊勢崎,新橋,2,155
東武伊勢崎線,5.0,伊勢崎,新橋,1,162
東武大師線,8.3,西新井,新橋,1,36
東武大師線,8.3,大師前,新橋,2,44
東武日光線,5.2,東武動物公園,新橋,1,71
東武日光線,3.7,杉戸高野台,新橋,1,78
東武日光線,3.7,幸手,新橋,1,81
東武日光線,5.3,南栗橋,新橋,1,86
東武日光線,5.3,栗橋,新橋,0,78
東武日光線,5.1,新古河,新橋,1,93
東武日光線,4.4,柳生,新橋,1,97
東武日光線,3.5,板倉東洋大前,新橋,1,100
東武日光線,4.2,藤岡,新橋,1,104
東武日光線,5.0,新大平下,新橋,1,114
東武日光線,4.4,栃木,新橋,1,119
東武日光線,5.2,新栃木,新橋,1,123
東武日光線,4.6,合戦場,新橋,1,127
東武日光線,4.7,家中,新橋,1,130
東武日光線,4.0,東武金崎,新橋,1,135
東武日光線,4.2,楡木,新橋,1,140
東武日光線,3.3,樅山,新橋,1,143
東武日光線,3.9,新鹿沼,新橋,1,146
東武日光線,3.8,北鹿沼,新橋,1,150
東武日光線,4.7,板荷,新橋,1,156
東武日光線,4.7,下小代,新橋,1,161
東武日光線,4.7,明神,新橋,1,164
東武日光線,4.3,下今市,新橋,1,170
東武日光線,4.7,東武日光,新橋,1,183
東武東上線,4.8,寄居,新橋,1,122
東武東上線,4.6,玉淀,新橋,2,132
東武東上線,4.6,鉢形,新橋,2,130
東武東上線,4.6,男衾,新橋,2,126
東武東上線,4.0,小川町,新橋,1,17
東武東上線,4.2,武蔵嵐山,新橋,1,111
東武東上線,4.9,つきのわ,新橋,1,108
東武東上線,4.5,森林公園,新橋,3,531
東武東上線,4.7,東松山,新橋,1,100
東武東上線,5.2,高坂,新橋,1,96
東武東上線,5.1,北坂戸,新橋,1,93
東武東上線,5.7,若葉,新橋,1,81
東武東上線,6.2,鶴ヶ島,新橋,1,85
東武東上線,7.0,川越市,新橋,1,78
東武東上線,6.7,川越,新橋,1,72
東武東上線,6.7,新河岸,新橋,1,82
東武東上線,7.5,上福岡,新橋,1,79
東武東上線,7.7,ふじみ野,新橋,1,69
東武東上線,7.4,鶴瀬,新橋,1,74
東武東上線,7.0,みずほ台,新橋,1,71
東武東上線,7.5,柳瀬川,新橋,1,69
東武東上線,8.0,志木,新橋,1,61
東武東上線,8.3,朝霞台,新橋,1,58
東武東上線,8.5,朝霞,新橋,1,55
東武東上線,10.0,和光市,新橋,1,54
東武東上線,10.0,成増,新橋,1,49
東武東上線,9.9,下赤塚,新橋,1,53
東武東上線,9.9,東武練馬,新橋,1,55
東武東上線,10.1,上板橋,新橋,1,49
東武東上線,10.9,ときわ台,新橋,4,227
東武東上線,11.0,中板橋,新橋,1,42
東武東上線,11.4,大山,新橋,1,40
東武東上線,12.0,下板橋,新橋,1,37
東武東上線,13.7,北池袋,新橋,1,36
東武東上線,13.9,池袋,新橋,0,31
東武越生線,4.8,西大家,新橋,2,99
東武越生線,4.7,川角,新橋,2,101
東武越生線,4.0,武州長瀬,新橋,2,104
東武越生線,3.4,東毛呂,新橋,2,106
東武越生線,4.0,武州唐沢,新橋,2,108
東武越生線,4.7,越生,新橋,2,111
東武野田線,9.4,北大宮,新橋,1,53
東武野田線,8.5,大宮公園,新橋,1,55
東武野田線,6.6,大和田,新橋,3,202
東武野田線,6.5,七里,新橋,1,74
東武野田線,6.6,岩槻,新橋,1,64
東武野田線,6.4,東岩槻,新橋,1,67
東武野田線,5.7,豊春,新橋,1,69
東武野田線,6.4,八木崎,新橋,1,72
東武野田線,6.7,春日部,新橋,1,65
東武野田線,5.5,藤の牛島,新橋,1,78
東武野田線,5.3,南桜井,新橋,1,80
東武野田線,4.9,川間,新橋,1,77
東武野田線,4.8,七光台,新橋,1,74
東武野田線,4.6,清水公園,新橋,1,71
東武野田線,4.7,野田市,新橋,1,66
東武野田線,4.9,梅郷,新橋,1,63
東武野田線,6.1,運河,新橋,1,47
東武野田線,6.4,江戸川台,新橋,1,57
東武野田線,10.7,初石,新橋,1,54
東武野田線,10.4,流山おおたかの森,新橋,1,50
東武野田線,9.3,豊四季,新橋,1,49
東武野田線,8.2,柏,新橋,3,209
東武野田線,7.1,新柏,新橋,1,49
東武野田線,6.3,増尾,新橋,1,52
東武野田線,5.9,逆井,新橋,1,54
東武野田線,6.1,高柳,新橋,1,50
東武野田線,5.8,六実,新橋,1,51
東武野田線,5.9,馬込沢,新橋,1,46
東武野田線,7.3,塚田,新橋,1,43
東武野田線,7.6,新船橋,新橋,1,41
東武野田線,9.1,船橋,新橋,0,30
東葉高速線,6.5,東葉勝田台,新橋,0,66
東葉高速線,5.8,八千代中央,新橋,1,65
東葉高速線,5.7,八千代緑が丘,新橋,1,62
東葉高速線,6.4,船橋日大前,新橋,1,60
東葉高速線,5.9,北習志野,新橋,1,50
東葉高速線,7.5,飯山満,新橋,1,54
東葉高速線,9.6,東海神,新橋,1,50
東葉高速線,9.7,西船橋,新橋,1,36
湘南モノレール,8.5,大船,新橋,0,44
湘南モノレール,9.6,富士見町,新橋,1,49
湘南モノレール,9.2,湘南町屋,新橋,1,51
湘南モノレール,8.8,湘南深沢,新橋,1,52
湘南モノレール,6.7,西鎌倉,新橋,1,56
湘南モノレール,6.7,片瀬山,新橋,1,58
湘南モノレール,10.3,目白山下,新橋,1,60
湘南モノレール,11.0,湘南江の島,新橋,1,65
相鉄いずみ野線,8.4,二俣川,新橋,0,65
相鉄いずみ野線,8.3,南万騎が原,新橋,1,55
相鉄いずみ野線,7.5,緑園都市,新橋,1,58
相鉄いずみ野線,8.3,弥生台,新橋,1,60
相鉄いずみ野線,7.3,いずみ野,新橋,1,62
相鉄いずみ野線,7.8,いずみ中央,新橋,1,65
相鉄いずみ野線,8.7,ゆめが丘,新橋,1,67
相鉄いずみ野線,8.3,湘南台,新橋,1,53
相鉄新横浜線,8.1,西谷,新橋,0,59
相鉄新横浜線,8.0,羽沢横浜国大,新橋,1,40
相鉄新横浜線,11.5,新横浜,新橋,0,51
相鉄本線,12.2,横浜,新橋,0,27
相鉄本線,11.2,平沼橋,新橋,1,37
相鉄本線,10.0,西横浜,新橋,1,39
相鉄本線,9.5,天王町,新橋,1,41
相鉄本線,9.5,星川,新橋,1,43
相鉄本線,9.0,和田町,新橋,1,48
相鉄本線,8.8,上星川,新橋,1,50
相鉄本線,8.1,西谷,新橋,0,59
相鉄本線,7.6,鶴ケ峰,新橋,0,62
相鉄本線,8.4,二俣川,新橋,0,65
相鉄本線,7.5,三ツ境,新橋,0,71
相鉄本線,7.9,瀬谷,新橋,0,74
相鉄本線,7.9,大和,新橋,0,79
相鉄本線,7.9,相模大塚,新橋,0,82
相鉄本線,7.4,さがみ野,新橋,0,84
相鉄本線,6.9,かしわ台,新橋,0,87
相鉄本線,8.3,海老名,新橋,0,90
芝山鉄道,7.1,東成田,新橋,0,93
芝山鉄道,7.0,芝山千代田,新橋,0,97
西武国分寺線,9.5,国分寺,新橋,1,54
西武国分寺線,9.0,恋ヶ窪,新橋,2,62
西武国分寺線,6.8,鷹の台,新橋,2,65
西武国分寺線,7.2,小川,新橋,1,81
西武国分寺線,6.8,東村山,新橋,1,78
西武多摩川線,11.3,武蔵境,新橋,1,45
西武多摩川線,10.4,新小金井,新橋,2,53
西武多摩川線,8.7,多磨,新橋,2,57
西武多摩川線,8.8,白糸台,新橋,1,99
西武多摩川線,7.7,競艇場前,新橋,2,62
西武多摩川線,8.9,是政,新橋,2,64
西武多摩湖線,9.5,国分寺,新橋,1,54
西武多摩湖線,7.3,一橋学園,新橋,2,64
西武多摩湖線,6.9,青梅街道,新橋,1,89
西武多摩湖線,6.8,萩山,新橋,1,77
西武多摩湖線,7.0,八坂,新橋,1,91
西武多摩湖線,6.0,武蔵大和,新橋,1,94
西武多摩湖線,5.5,多摩湖,新橋,1,96
西武山口線,5.5,多摩湖,新橋,1,96
西武山口線,5.2,西武園ゆうえんち,新橋,3,94
西武山口線,5.3,西武球場前,新橋,2,91
西武拝島線,6.9,小平,新橋,1,72
西武拝島線,6.8,萩山,新橋,1,77
西武拝島線,7.2,小川,新橋,1,81
西武拝島線,6.1,東大和市,新橋,1,83
西武拝島線,6.5,玉川上水,新橋,1,88
西武拝島線,6.4,武蔵砂川,新橋,1,88
西武拝島線,6.3,西武立川,新橋,1,91
西武拝島線,6.0,拝島,新橋,1,79
西武新宿線,17.7,西武新宿,新橋,0,45
西武新宿線,14.5,高田馬場,新橋,0,35
西武新宿線,13.7,下落合,新橋,1,45
西武新宿線,13.2,中井,新橋,0,42
西武新宿線,12.6,新井薬師前,新橋,1,51
西武新宿線,12.0,沼袋,新橋,1,53
西武新宿線,11.9,野方,新橋,1,57
西武新宿線,11.5,都立家政,新橋,1,58
西武新宿線,11.5,鷺ノ宮,新橋,1,50
西武新宿線,10.7,下井草,新橋,1,63
西武新宿線,10.6,井荻,新橋,1,64
西武新宿線,10.9,上井草,新橋,1,69
西武新宿線,10.4,上石神井,新橋,1,56
西武新宿線,9.9,武蔵関,新橋,1,59
西武新宿線,9.1,東伏見,新橋,1,61
西武新宿線,8.7,西武柳沢,新橋,1,63
西武新宿線,8.5,田無,新橋,1,65
西武新宿線,7.8,花小金井,新橋,1,68
西武新宿線,6.9,小平,新橋,1,72
西武新宿線,6.9,久米川,新橋,1,75
西武新宿線,6.8,東村山,新橋,1,78
西武新宿線,7.3,所沢,新橋,1,74
西武新宿線,7.5,航空公園,新橋,1,85
西武新宿線,7.0,新所沢,新橋,1,87
西武新宿線,5.0,入曽,新橋,1,91
西武新宿線,5.6,狭山市,新橋,1,95
西武新宿線,5.1,新狭山,新橋,1,98
西武新宿線,5.8,南大塚,新橋,1,101
西武新宿線,6.9,本川越,新橋,1,86
西武有楽町線,11.0,小竹向原,新橋,1,40
西武有楽町線,11.0,新桜台,新橋,1,46
西武有楽町線,11.7,練馬,新橋,0,50
西武池袋線,13.9,池袋,新橋,0,31
西武池袋線,12.6,椎名町,新橋,1,40
西武池袋線,12.2,東長崎,新橋,1,42
西武池袋線,11.6,江古田,新橋,1,45
西武池袋線,11.0,桜台,新橋,1,47
西武池袋線,11.7,練馬,新橋,0,50
西武池袋線,11.1,中村橋,新橋,1,50
西武池袋線,10.6,富士見台,新橋,1,52
西武池袋線,10.5,練馬高野台,新橋,1,54
西武池袋線,10.1,石神井公園,新橋,1,54
西武池袋線,9.3,大泉学園,新橋,1,58
西武池袋線,8.7,保谷,新橋,1,61
西武池袋線,8.2,ひばりヶ丘,新橋,1,63
西武池袋線,7.5,東久留米,新橋,1,65
西武池袋線,7.4,清瀬,新橋,1,68
西武池袋線,7.2,秋津,新橋,1,71
西武池袋線,7.3,所沢,新橋,1,74
西武池袋線,7.5,西所沢,新橋,1,78
西武池袋線,6.8,小手指,新橋,1,82
西武池袋線,5.9,狭山ヶ丘,新橋,1,88
西武池袋線,5.6,武蔵藤沢,新橋,1,90
西武池袋線,6.2,稲荷山公園,新橋,1,93
西武池袋線,5.8,入間市,新橋,1,80
西武池袋線,5.5,仏子,新橋,1,100
西武池袋線,5.5,元加治,新橋,1,102
西武池袋線,4.5,飯能,新橋,1,88
西武池袋線,5.5,東飯能,新橋,2,92
西武池袋線,4.9,高麗,新橋,2,97
西武池袋線,4.7,武蔵横手,新橋,2,101
西武池袋線,4.7,東吾野,新橋,2,105
西武狭山線,7.5,西所沢,新橋,1,78
西武狭山線,6.0,下山口,新橋,2,87
西武狭山線,5.3,西武球場前,新橋,2,91
西武秩父線,4.7,吾野,新橋,2,111
西武秩父線,4.7,西吾野,新橋,2,116
西武秩父線,4.7,正丸,新橋,2,124
西武秩父線,4.7,芦ヶ久保,新橋,2,126
西武秩父線,4.2,横瀬,新橋,1,122
西武秩父線,5.7,西武秩父,新橋,1,127
西武西武園線,6.5,西武園,新橋,2,81
西武豊島線,11.5,豊島園,新橋,1,52
都電荒川線,13.1,三ノ輪橋,新橋,1,28
都電荒川線,12.9,荒川一中前,新橋,1,59
都電荒川線,11.1,荒川区役所前,新橋,1,58
都電荒川線,11.7,荒川二丁目,新橋,1,57
都電荒川線,10.9,荒川七丁目,新橋,1,56
都電荒川線,11.8,町屋駅前,新橋,1,27
都電荒川線,10.9,町屋二丁目,新橋,1,51
都電荒川線,9.3,東尾久三丁目,新橋,1,50
都電荒川線,9.8,熊野前,新橋,1,33
都電荒川線,9.8,宮ノ前,新橋,1,45
都電荒川線,9.7,小台,新橋,1,43
都電荒川線,10.9,荒川遊園地前,新橋,1,42
都電荒川線,11.2,荒川車庫前,新橋,1,36
都電荒川線,10.5,梶原,新橋,1,35
都電荒川線,11.9,栄町,新橋,1,34
都電荒川線,11.6,王子駅前,新橋,0,29
都電荒川線,11.1,飛鳥山,新橋,1,39
都電荒川線,11.3,滝野川一丁目,新橋,1,40
都電荒川線,12.4,西ヶ原四丁目,新橋,1,37
都電荒川線,12.9,新庚申塚,新橋,0,36
都電荒川線,13.0,庚申塚,新橋,1,38
都電荒川線,14.5,巣鴨新田,新橋,1,36
都電荒川線,14.8,大塚駅前,新橋,0,29
都電荒川線,13.3,向原,新橋,1,38
都電荒川線,14.9,東池袋四丁目,新橋,1,33
都電荒川線,13.0,都電雑司ヶ谷,新橋,1,42
都電荒川線,15.3,鬼子母神前,新橋,1,44
都電荒川線,14.2,学習院下,新橋,1,45
都電荒川線,14.5,面影橋,新橋,1,47
金沢シーサイドライン,9.5,新杉田,新橋,0,58
金沢シーサイドライン,9.8,南部市場,新橋,1,68
金沢シーサイドライン,7.9,鳥浜,新橋,1,70
金沢シーサイドライン,7.9,並木北,新橋,1,71
金沢シーサイドライン,7.5,並木中央,新橋,1,73
金沢シーサイドライン,8.5,幸浦,新橋,1,75
金沢シーサイドライン,4.7,産業振興センター,新橋,1,77
金沢シーサイドライン,4.7,福浦,新橋,1,79
金沢シーサイドライン,10.2,市大医学部,新橋,1,79
金沢シーサイドライン,6.0,八景島,新橋,1,77
金沢シーサイドライン,7.7,海の公園柴口,新橋,1,75
金沢シーサイドライン,8.0,海の公園南口,新橋,1,74
金沢シーサイドライン,8.6,野島公園,新橋,1,72
金沢シーサイドライン,8.3,金沢八景,新橋,0,65
みなとみらい線,12.2,横浜,新橋,0,27
みなとみらい線,19.5,新高島,新橋,1,34
みなとみらい線,19.7,みなとみらい,新橋,1,36
みなとみらい線,13.8,馬車道,新橋,1,38
みなとみらい線,12.7,日本大通り,新橋,1,39
みなとみらい線,11.0,元町・中華街,新橋,1,41
埼玉高速鉄道線,8.6,浦和美園,新橋,1,58
埼玉高速鉄道線,8.1,東川口,新橋,1,55
埼玉高速鉄道線,7.9,戸塚安行,新橋,1,52
埼玉高速鉄道線,7.4,新井宿,新橋,1,49
埼玉高速鉄道線,7.0,鳩ヶ谷,新橋,1,47
埼玉高速鉄道線,7.7,南鳩ヶ谷,新橋,1,44
埼玉高速鉄道線,8.5,川口元郷,新橋,1,42
埼玉高速鉄道線,11.9,赤羽岩淵,新橋,0,37
東京メトロ丸ノ内線,13.9,池袋,新橋,0,31
東京メトロ丸ノ内線,13.9,新大塚,新橋,1,25
東京メトロ丸ノ内線,15.0,茗荷谷,新橋,1,22
東京メトロ丸ノ内線,16.3,後楽園,新橋,0,27
東京メトロ丸ノ内線,17.1,本郷三丁目,新橋,1,17
東京メトロ丸ノ内線,17.9,御茶ノ水,新橋,1,12
東京メトロ丸ノ内線,18.3,淡路町,新橋,1,13
東京メトロ丸ノ内線,19.3,大手町,新橋,0,11
東京メトロ丸ノ内線,18.8,東京,新橋,0,2
東京メトロ丸ノ内線,19.7,銀座,新橋,0,1
東京メトロ丸ノ内線,23.7,国会議事堂前,新橋,0,13
東京メトロ丸ノ内線,23.0,赤坂見附,新橋,0,5
東京メトロ丸ノ内線,18.4,四ツ谷,新橋,1,9
東京メトロ丸ノ内線,17.7,四谷三丁目,新橋,1,12
東京メトロ丸ノ内線,17.5,新宿御苑前,新橋,1,14
東京メトロ丸ノ内線,19.5,新宿三丁目,新橋,1,16
東京メトロ丸ノ内線,18.9,新宿,新橋,0,30
東京メトロ丸ノ内線,18.3,西新宿,新橋,1,20
東京メトロ丸ノ内線,13.8,中野坂上,新橋,0,37
東京メトロ丸ノ内線,13.5,新中野,新橋,1,24
東京メトロ丸ノ内線,13.2,東高円寺,新橋,1,26
東京メトロ丸ノ内線,13.0,新高円寺,新橋,1,29
東京メトロ丸ノ内線,13.4,南阿佐ケ谷,新橋,1,31
東京メトロ丸ノ内線,12.5,荻窪,新橋,1,33
東京メトロ副都心線,10.0,和光市,新橋,1,54
東京メトロ副都心線,10.3,地下鉄成増,新橋,1,50
東京メトロ副都心線,10.4,地下鉄赤塚,新橋,1,48
東京メトロ副都心線,10.9,平和台,新橋,1,45
東京メトロ副都心線,10.3,氷川台,新橋,1,43
東京メトロ副都心線,11.0,小竹向原,新橋,1,40
東京メトロ副都心線,12.1,千川,新橋,1,38
東京メトロ副都心線,12.9,要町,新橋,1,35
東京メトロ副都心線,13.9,池袋,新橋,0,31
東京メトロ副都心線,13.6,雑司が谷,新橋,1,40
東京メトロ副都心線,14.9,西早稲田,新橋,1,38
東京メトロ副都心線,16.5,東新宿,新橋,1,33
東京メトロ副都心線,19.5,新宿三丁目,新橋,1,16
東京メトロ副都心線,20.0,北参道,新橋,1,28
東京メトロ副都心線,22.3,渋谷,新橋,0,14
東京メトロ千代田線,8.4,北綾瀬,新橋,1,39
東京メトロ千代田線,8.9,綾瀬,新橋,1,29
東京メトロ千代田線,10.9,北千住,新橋,0,21
東京メトロ千代田線,11.0,町屋,新橋,1,24
東京メトロ千代田線,12.0,西日暮里,新橋,0,19
東京メトロ千代田線,14.2,千駄木,新橋,1,24
東京メトロ千代田線,15.0,根津,新橋,1,22
東京メトロ千代田線,17.2,湯島,新橋,1,19
東京メトロ千代田線,18.8,新御茶ノ水,新橋,1,17
東京メトロ千代田線,19.3,大手町,新橋,0,11
東京メトロ千代田線,14.5,日比谷,新橋,0,9
東京メトロ千代田線,23.7,国会議事堂前,新橋,0,13
東京メトロ千代田線,22.9,赤坂,新橋,1,15
東京メトロ千代田線,23.6,乃木坂,新橋,1,17
東京メトロ千代田線,25.9,表参道,新橋,0,12
東京メトロ千代田線,19.0,代々木公園,新橋,1,19
東京メトロ千代田線,16.8,代々木上原,新橋,1,21
東京メトロ半蔵門線,22.3,渋谷,新橋,0,14
東京メトロ半蔵門線,25.9,表参道,新橋,0,12
東京メトロ半蔵門線,24.1,青山一丁目,新橋,0,8
東京メトロ半蔵門線,23.2,永田町,新橋,0,11
東京メトロ半蔵門線,23.2,半蔵門,新橋,1,12
東京メトロ半蔵門線,19.1,九段下,新橋,1,15
東京メトロ半蔵門線,19.0,神保町,新橋,0,15
東京メトロ半蔵門線,19.3,大手町,新橋,0,11
東京メトロ半蔵門線,17.9,三越前,新橋,0,8
東京メトロ半蔵門線,16.7,水天宮前,新橋,0,16
東京メトロ半蔵門線,13.5,清澄白河,新橋,1,20
東京メトロ半蔵門線,13.0,住吉,新橋,1,20
東京メトロ半蔵門線,14.2,錦糸町,新橋,0,12
東京メトロ南北線,11.9,赤羽岩淵,新橋,0,37
東京メトロ南北線,12.0,志茂,新橋,1,36
東京メトロ南北線,11.0,王子神谷,新橋,1,33
東京メトロ南北線,10.9,王子,新橋,0,26
東京メトロ南北線,12.5,西ケ原,新橋,0,35
東京メトロ南北線,13.7,駒込,新橋,0,24
東京メトロ南北線,14.8,本駒込,新橋,1,24
東京メトロ南北線,15.0,東大前,新橋,1,22
東京メトロ南北線,16.3,後楽園,新橋,0,27
東京メトロ南北線,17.5,飯田橋,新橋,1,16
東京メトロ南北線,18.9,市ケ谷,新橋,1,13
東京メトロ南北線,18.4,四ツ谷,新橋,1,9
東京メトロ南北線,23.2,永田町,新橋,0,11
東京メトロ南北線,24.3,溜池山王,新橋,0,3
東京メトロ南北線,24.4,六本木一丁目,新橋,1,8
東京メトロ南北線,21.9,麻布十番,新橋,0,18
東京メトロ南北線,19.9,白金高輪,新橋,0,16
東京メトロ南北線,19.2,白金台,新橋,0,19
東京メトロ南北線,19.0,目黒,新橋,0,18
東京メトロ日比谷線,16.8,小伝馬町,新橋,1,13
東京メトロ日比谷線,10.9,北千住,新橋,0,21
東京メトロ日比谷線,12.5,南千住,新橋,0,19
東京メトロ日比谷線,13.0,三ノ輪,新橋,1,22
東京メトロ日比谷線,13.8,入谷,新橋,1,19
東京メトロ日比谷線,15.5,上野,新橋,0,9
東京メトロ日比谷線,16.2,仲御徒町,新橋,0,16
東京メトロ日比谷線,17.0,秋葉原,新橋,0,9
東京メトロ日比谷線,17.3,人形町,新橋,0,7
東京メトロ日比谷線,17.1,茅場町,新橋,1,9
東京メトロ日比谷線,17.9,八丁堀,新橋,1,8
東京メトロ日比谷線,17.7,築地,新橋,1,6
東京メトロ日比谷線,19.4,東銀座,新橋,0,1
東京メトロ日比谷線,19.7,銀座,新橋,0,1
東京メトロ日比谷線,14.5,日比谷,新橋,0,9
東京メトロ日比谷線,30.4,虎ノ門ヒルズ,新橋,0,9
東京メトロ日比谷線,25.9,神谷町,新橋,1,11
東京メトロ日比谷線,23.5,六本木,新橋,0,20
東京メトロ日比谷線,20.9,広尾,新橋,1,20
東京メトロ日比谷線,21.6,恵比寿,新橋,0,21
東京メトロ日比谷線,18.2,中目黒,新橋,1,26
東京メトロ有楽町線,10.0,和光市,新橋,1,54
東京メトロ有楽町線,10.3,地下鉄成増,新橋,1,50
東京メトロ有楽町線,10.4,地下鉄赤塚,新橋,1,48
東京メトロ有楽町線,10.9,平和台,新橋,1,45
東京メトロ有楽町線,10.3,氷川台,新橋,1,43
東京メトロ有楽町線,11.0,小竹向原,新橋,1,40
東京メトロ有楽町線,12.1,千川,新橋,1,38
東京メトロ有楽町線,12.9,要町,新橋,1,35
東京メトロ有楽町線,13.9,池袋,新橋,0,31
東京メトロ有楽町線,13.7,東池袋,新橋,1,29
東京メトロ有楽町線,14.6,護国寺,新橋,1,27
東京メトロ有楽町線,15.6,江戸川橋,新橋,1,24
東京メトロ有楽町線,17.5,飯田橋,新橋,1,16
東京メトロ有楽町線,18.9,市ケ谷,新橋,1,13
東京メトロ有楽町線,23.9,麹町,新橋,1,16
東京メトロ有楽町線,23.2,永田町,新橋,0,11
東京メトロ有楽町線,5.9,桜田門,新橋,1,11
東京メトロ有楽町線,18.7,有楽町,新橋,0,2
東京メトロ有楽町線,21.0,銀座一丁目,新橋,0,9
東京メトロ有楽町線,17.5,新富町,新橋,1,11
東京メトロ有楽町線,18.4,月島,新橋,0,17
東京メトロ有楽町線,18.0,豊洲,新橋,0,32
東京メトロ有楽町線,17.4,辰巳,新橋,1,18
東京メトロ有楽町線,12.4,新木場,新橋,1,21
東京メトロ東西線,9.7,西船橋,新橋,1,36
東京メトロ東西線,8.9,原木中山,新橋,1,42
東京メトロ東西線,9.0,妙典,新橋,1,38
東京メトロ東西線,8.8,行徳,新橋,1,36
東京メトロ東西線,8.9,南行徳,新橋,1,34
東京メトロ東西線,9.0,葛西,新橋,1,29
東京メトロ東西線,9.0,西葛西,新橋,1,26
東京メトロ東西線,10.7,南砂町,新橋,1,22
東京メトロ東西線,12.1,東陽町,新橋,1,19
東京メトロ東西線,12.6,木場,新橋,1,15
東京メトロ東西線,13.9,門前仲町,新橋,1,13
東京メトロ東西線,17.1,茅場町,新橋,1,9
東京メトロ東西線,17.4,日本橋,新橋,3,184
東京メトロ東西線,19.3,大手町,新橋,0,11
東京メトロ東西線,18.0,竹橋,新橋,1,13
東京メトロ東西線,19.1,九段下,新橋,1,15
東京メトロ東西線,17.5,飯田橋,新橋,1,16
東京メトロ東西線,16.5,神楽坂,新橋,1,20
東京メトロ東西線,14.9,早稲田,新橋,1,48
東京メトロ東西線,14.5,高田馬場,新橋,0,35
東京メトロ東西線,13.6,落合,新橋,1,30
東京メトロ東西線,13.5,中野,新橋,1,27
東京メトロ銀座線,14.0,浅草,新橋,0,15
東京メトロ銀座線,14.8,田原町,新橋,0,19
東京メトロ銀座線,15.4,稲荷町,新橋,0,17
東京メトロ銀座線,15.5,上野,新橋,0,9
東京メトロ銀座線,16.7,上野広小路,新橋,0,13
東京メトロ銀座線,17.2,末広町,新橋,0,11
東京メトロ銀座線,17.7,神田,新橋,0,7
東京メトロ銀座線,17.9,三越前,新橋,0,8
東京メトロ銀座線,17.4,日本橋,新橋,3,184
東京メトロ銀座線,17.8,京橋,新橋,3,182
東京メトロ銀座線,19.7,銀座,新橋,0,1
東京メトロ銀座線,30.0,虎ノ門,新橋,0,1
東京メトロ銀座線,24.3,溜池山王,新橋,0,3
東京メトロ銀座線,23.0,赤坂見附,新橋,0,5
東京メトロ銀座線,24.1,青山一丁目,新橋,0,8
東京メトロ銀座線,24.0,外苑前,新橋,0,10
東京メトロ銀座線,25.9,表参道,新橋,0,12
東京メトロ銀座線,22.3,渋谷,新橋,0,14
横浜市営地下鉄グリーンライン,8.5,中山,新橋,1,53
横浜市営地下鉄グリーンライン,8.8,川和町,新橋,1,67
横浜市営地下鉄グリーンライン,9.2,都筑ふれあいの丘,新橋,1,65
横浜市営地下鉄グリーンライン,10.0,センター南,新橋,1,56
横浜市営地下鉄グリーンライン,10.5,センター北,新橋,1,58
横浜市営地下鉄グリーンライン,9.6,北山田,新橋,1,58
横浜市営地下鉄グリーンライン,9.3,東山田,新橋,1,56
横浜市営地下鉄グリーンライン,9.8,高田,新橋,1,54
横浜市営地下鉄グリーンライン,10.3,日吉本町,新橋,1,51
横浜市営地下鉄グリーンライン,10.3,日吉,新橋,0,44
横浜市営地下鉄ブルーライン,8.3,湘南台,新橋,1,53
横浜市営地下鉄ブルーライン,9.2,下飯田,新橋,1,51
横浜市営地下鉄ブルーライン,8.3,立場,新橋,1,48
横浜市営地下鉄ブルーライン,8.3,中田,新橋,1,46
横浜市営地下鉄ブルーライン,8.7,踊場,新橋,1,44
横浜市営地下鉄ブルーライン,8.3,戸塚,新橋,0,38
横浜市営地下鉄ブルーライン,9.4,舞岡,新橋,1,45
横浜市営地下鉄ブルーライン,9.1,下永谷,新橋,1,47
横浜市営地下鉄ブルーライン,8.0,上永谷,新橋,1,49
横浜市営地下鉄ブルーライン,8.5,港南中央,新橋,1,52
横浜市営地下鉄ブルーライン,8.7,上大岡,新橋,0,51
横浜市営地下鉄ブルーライン,9.0,弘明寺,新橋,1,48
横浜市営地下鉄ブルーライン,8.9,蒔田,新橋,1,46
横浜市営地下鉄ブルーライン,9.1,吉野町,新橋,1,44
横浜市営地下鉄ブルーライン,10.7,阪東橋,新橋,1,42
横浜市営地下鉄ブルーライン,11.7,伊勢佐木長者町,新橋,1,41
横浜市営地下鉄ブルーライン,12.3,関内,新橋,0,45
横浜市営地下鉄ブルーライン,12.2,桜木町,新橋,0,42
横浜市営地下鉄ブルーライン,12.9,高島町,新橋,1,34
横浜市営地下鉄ブルーライン,12.2,横浜,新橋,0,27
横浜市営地下鉄ブルーライン,10.5,三ツ沢下町,新橋,1,36
横浜市営地下鉄ブルーライン,8.5,三ツ沢上町,新橋,1,38
横浜市営地下鉄ブルーライン,8.0,片倉町,新橋,1,41
横浜市営地下鉄ブルーライン,10.8,岸根公園,新橋,1,43
横浜市営地下鉄ブルーライン,11.5,新横浜,新橋,0,51
横浜市営地下鉄ブルーライン,10.2,北新横浜,新橋,1,48
横浜市営地下鉄ブルーライン,9.3,新羽,新橋,1,50
横浜市営地下鉄ブルーライン,9.4,仲町台,新橋,1,53
横浜市営地下鉄ブルーライン,10.0,センター南,新橋,1,56
横浜市営地下鉄ブルーライン,10.5,センター北,新橋,1,58
横浜市営地下鉄ブルーライン,9.4,中川,新橋,1,60
横浜市営地下鉄ブルーライン,9.5,あざみ野,新橋,1,51
都営三田線,8.9,西高島平,新橋,0,49
都営三田線,8.6,新高島平,新橋,0,47
都営三田線,8.5,高島平,新橋,0,45
都営三田線,8.8,西台,新橋,0,43
都営三田線,9.3,蓮根,新橋,0,41
都営三田線,9.5,志村三丁目,新橋,0,39
都営三田線,9.9,志村坂上,新橋,0,37
都営三田線,10.8,本蓮沼,新橋,0,35
都営三田線,11.0,板橋本町,新橋,0,34
都営三田線,11.3,板橋区役所前,新橋,0,32
都営三田線,12.0,新板橋,新橋,0,30
都営三田線,14.0,西巣鴨,新橋,0,28
都営三田線,13.8,巣鴨,新橋,0,26
都営三田線,14.2,千石,新橋,0,24
都営三田線,15.0,白山,新橋,0,21
都営三田線,15.9,春日,新橋,0,19
都営三田線,17.5,水道橋,新橋,0,17
都営三田線,19.0,神保町,新橋,0,15
都営三田線,19.3,大手町,新橋,0,11
都営三田線,14.5,日比谷,新橋,0,9
都営三田線,21.0,内幸町,新橋,0,7
都営三田線,21.8,御成門,新橋,0,9
都営三田線,19.2,芝公園,新橋,0,11
都営三田線,19.4,三田,新橋,0,4
都営三田線,19.9,白金高輪,新橋,0,16
都営三田線,19.2,白金台,新橋,0,19
都営三田線,19.0,目黒,新橋,0,18
都営大江戸線,21.0,都庁前,新橋,0,33
都営大江戸線,18.9,新宿西口,新橋,0,41
都営大江戸線,16.5,東新宿,新橋,1,33
都営大江戸線,16.0,若松河田,新橋,1,32
都営大江戸線,16.2,牛込柳町,新橋,1,31
都営大江戸線,17.0,牛込神楽坂,新橋,1,28
都営大江戸線,17.5,飯田橋,新橋,1,16
都営大江戸線,15.9,春日,新橋,0,19
都営大江戸線,17.1,本郷三丁目,新橋,1,17
都営大江戸線,17.5,上野御徒町,新橋,0,17
都営大江戸線,15.4,新御徒町,新橋,1,21
都営大江戸線,15.2,蔵前,新橋,0,13
都営大江戸線,15.0,両国,新橋,1,17
都営大江戸線,14.3,森下,新橋,1,18
都営大江戸線,13.5,清澄白河,新橋,1,20
都営大江戸線,13.9,門前仲町,新橋,1,13
都営大江戸線,18.4,月島,新橋,0,17
都営大江戸線,18.4,勝どき,新橋,0,15
都営大江戸線,19.0,築地市場,新橋,1,8
都営大江戸線,23.4,汐留,新橋,0,1
都営大江戸線,21.4,大門,新橋,0,1
都営大江戸線,20.5,赤羽橋,新橋,0,16
都営大江戸線,21.9,麻布十番,新橋,0,18
都営大江戸線,23.5,六本木,新橋,0,20
都営大江戸線,24.1,青山一丁目,新橋,0,8
都営大江戸線,19.6,国立競技場,新橋,0,26
都営大江戸線,18.5,代々木,新橋,0,28
都営大江戸線,18.9,新宿,新橋,0,30
都営大江戸線,14.6,西新宿五丁目,新橋,0,35
都営大江戸線,13.8,中野坂上,新橋,0,37
都営大江戸線,13.8,東中野,新橋,0,40
都営大江戸線,13.2,中井,新橋,0,42
都営大江戸線,12.0,落合南長崎,新橋,0,44
都営大江戸線,11.7,新江古田,新橋,0,47
都営大江戸線,11.7,練馬,新橋,0,50
都営大江戸線,11.5,豊島園,新橋,1,52
都営大江戸線,11.0,練馬春日町,新橋,0,54
都営大江戸線,10.2,光が丘,新橋,0,56
都営新宿線,8.7,篠崎,新橋,1,38
都営新宿線,9.0,瑞江,新橋,1,35
都営新宿線,8.7,一之江,新橋,1,33
都営新宿線,8.9,船堀,新橋,1,30
都営新宿線,8.6,東大島,新橋,1,28
都営新宿線,9.7,大島,新橋,1,25
都営新宿線,11.5,西大島,新橋,1,24
都営新宿線,13.0,住吉,新橋,1,20
都営新宿線,14.2,菊川,新橋,1,20
都営新宿線,14.3,森下,新橋,1,18
都営新宿線,16.5,浜町,新橋,1,16
都営新宿線,16.8,馬喰横山,新橋,0,12
都営新宿線,16.7,岩本町,新橋,0,19
都営新宿線,18.5,小川町,新橋,1,17
都営新宿線,19.0,神保町,新橋,0,15
都営新宿線,19.1,九段下,新橋,1,15
都営新宿線,17.2,曙橋,新橋,1,27
都営新宿線,19.5,新宿三丁目,新橋,1,16
都営新宿線,18.9,新宿,新橋,0,30
都営浅草線,14.0,本所吾妻橋,新橋,0,17
都営浅草線,14.0,浅草,新橋,0,15
都営浅草線,15.2,蔵前,新橋,0,13
都営浅草線,16.2,浅草橋,新橋,0,11
都営浅草線,16.7,東日本橋,新橋,0,9
都営浅草線,17.3,人形町,新橋,0,7
都営浅草線,17.4,日本橋,新橋,3,184
都営浅草線,17.7,宝町,新橋,0,3
都営浅草線,19.4,東銀座,新橋,0,1
都営浅草線,21.4,大門,新橋,0,1
都営浅草線,19.4,三田,新橋,0,4
都営浅草線,19.4,泉岳寺,新橋,0,6
都営浅草線,18.7,高輪台,新橋,0,10
都営浅草線,17.8,五反田,新橋,0,12
都営浅草線,14.7,戸越,新橋,0,15
都営浅草線,13.7,中延,新橋,0,17
都営浅草線,12.6,馬込,新橋,0,19
都営浅草線,12.0,西馬込,新橋,0,21
伊豆箱根鉄道大雄山線,7.0,小田原,新橋,0,86
伊豆箱根鉄道大雄山線,7.1,緑町,新橋,1,95
伊豆箱根鉄道大雄山線,6.3,井細田,新橋,1,97
伊豆箱根鉄道大雄山線,5.9,五百羅漢,新橋,1,100
伊豆箱根鉄道大雄山線,6.0,穴部,新橋,1,102
伊豆箱根鉄道大雄山線,6.0,飯田岡,新橋,1,104
伊豆箱根鉄道大雄山線,5.3,相模沼田,新橋,1,105
伊豆箱根鉄道大雄山線,5.3,岩原,新橋,1,107
伊豆箱根鉄道大雄山線,5.7,塚原,新橋,1,109
伊豆箱根鉄道大雄山線,6.0,和田河原,新橋,1,112
伊豆箱根鉄道大雄山線,5.2,富士フイルム前,新橋,1,114
伊豆箱根鉄道大雄山線,5.6,大雄山,新橋,1,115
小湊鉄道,5.6,五井,新橋,0,64
小湊鉄道,4.9,上総村上,新橋,1,78
小湊鉄道,4.5,海士有木,新橋,1,83
小湊鉄道,4.7,上総三又,新橋,1,87
小湊鉄道,4.7,上総山田,新橋,1,90
小湊鉄道,4.9,光風台,新橋,4,225
小湊鉄道,4.5,馬立,新橋,1,97
小湊鉄道,4.5,上総牛久,新橋,1,102
小湊鉄道,4.7,上総川間,新橋,2,105
小湊鉄道,4.7,上総鶴舞,新橋,2,108
小湊鉄道,4.7,上総久保,新橋,2,112
小湊鉄道,4.7,高滝,新橋,2,115
江ノ電,10.1,藤沢,新橋,0,44
江ノ電,10.7,石上,新橋,1,54
江ノ電,10.5,柳小路,新橋,1,56
江ノ電,10.5,鵠沼,新橋,1,57
江ノ電,11.5,湘南海岸公園,新橋,1,61
江ノ電,11.2,江ノ島,新橋,1,62
江ノ電,10.3,腰越,新橋,1,68
江ノ電,10.4,鎌倉高校前,新橋,1,70
江ノ電,14.2,七里ヶ浜,新橋,1,74
江ノ電,11.2,稲村ヶ崎,新橋,1,69
江ノ電,10.4,極楽寺,新橋,1,66
江ノ電,11.8,長谷,新橋,1,63
江ノ電,12.3,由比ヶ浜,新橋,1,62
江ノ電,12.4,和田塚,新橋,1,60
江ノ電,12.2,鎌倉,新橋,0,55
流鉄流山線,7.0,馬橋,新橋,1,41
流鉄流山線,7.2,幸谷,新橋,1,48
流鉄流山線,6.7,小金城趾,新橋,2,58
流鉄流山線,8.4,鰭ヶ崎,新橋,2,60
流鉄流山線,8.0,平和台,新橋,1,45
流鉄流山線,9.0,流山,新橋,2,64
秩父鉄道,4.2,羽生,新橋,1,93
秩父鉄道,4.1,西羽生,新橋,1,110
秩父鉄道,3.7,武州荒木,新橋,1,103
秩父鉄道,3.3,東行田,新橋,1,100
秩父鉄道,3.0,行田市,新橋,1,98
秩父鉄道,3.9,持田,新橋,1,95
秩父鉄道,5.7,熊谷,新橋,0,84
秩父鉄道,6.1,上熊谷,新橋,1,94
秩父鉄道,5.8,ひろせ野鳥の森,新橋,1,99
秩父鉄道,5.8,大麻生,新橋,1,102
秩父鉄道,5.7,明戸,新橋,1,105
秩父鉄道,4.8,武川,新橋,1,108
秩父鉄道,4.5,小前田,新橋,1,117
秩父鉄道,4.8,寄居,新橋,1,122
秩父鉄道,4.7,波久礼,新橋,1,128
秩父鉄道,4.7,樋口,新橋,1,133
秩父鉄道,4.7,野上,新橋,1,137
秩父鉄道,4.7,長瀞,新橋,1,140
秩父鉄道,4.2,上長瀞,新橋,1,142
秩父鉄道,4.3,親鼻,新橋,1,145
秩父鉄道,4.3,皆野,新橋,1,147
秩父鉄道,4.7,和銅黒谷,新橋,1,152
秩父鉄道,5.1,大野原,新橋,1,156
秩父鉄道,5.0,秩父,新橋,4,617
秩父鉄道,4.4,御花畑,新橋,1,136
秩父鉄道,4.7,影森,新橋,1,164
秩父鉄道,4.7,浦山口,新橋,1,502
秩父鉄道,4.6,武州日野,新橋,1,509
秩父鉄道,4.7,白久,新橋,1,514
秩父鉄道,4.6,三峰口,新橋,1,516
箱根登山鉄道,7.0,小田原,新橋,0,86
箱根登山鉄道,7.2,箱根板橋,新橋,1,86
箱根登山鉄道,5.6,風祭,新橋,1,90
箱根登山鉄道,5.6,入生田,新橋,1,93
箱根登山鉄道,5.9,箱根湯本,新橋,1,97
箱根登山鉄道,5.5,塔ノ沢,新橋,2,101
箱根登山鉄道,4.7,大平台,新橋,2,112
箱根登山鉄道,4.7,宮ノ下,新橋,2,124
箱根登山鉄道,7.7,小涌谷,新橋,2,130
箱根登山鉄道,5.2,彫刻の森,新橋,2,133
箱根登山鉄道,6.0,強羅,新橋,2,135
銚子電鉄,5.6,銚子,新橋,1,147
銚子電鉄,6.1,仲ノ町,新橋,1,53
銚子電鉄,4.7,観音,新橋,3,195
銚子電鉄,4.2,本銚子,新橋,3,197
銚子電鉄,4.2,笠上黒生,新橋,3,199
銚子電鉄,4.7,西海鹿島,新橋,3,201
銚子電鉄,4.7,海鹿島,新橋,3,202
銚子電鉄,4.7,君ヶ浜,新橋,3,205
銚子電鉄,4.7,犬吠,新橋,3,207
銚子電鉄,4.7,外川,新橋,3,210
