0,1,2,3,4
JR上越線,高崎,宝町,1,140
JR上越線,高崎問屋町,宝町,1,152
JR上越線,井野,宝町,2,78
JR上越線,新前橋,宝町,1,158
JR上越線,群馬総社,宝町,3,105
JR上越線,八木原,宝町,3,111
JR上越線,渋川,宝町,3,114
JR上越線,敷島,宝町,3,129
JR上越線,津久田,宝町,3,133
JR上越線,岩本,宝町,3,139
JR上越線,沼田,宝町,3,144
JR上越線,後閑,宝町,3,149
JR上越線,上牧,宝町,3,155
JR上越線,水上,宝町,3,161
JR上越線,湯檜曽,宝町,2,177
JR上越線,土合,宝町,2,172
JR上越線,土樽,宝町,2,164
JR上越線,越後中里,宝町,2,152
JR上越線,岩原スキー場前,宝町,2,147
JR上越線,越後湯沢,宝町,2,112
JR上越線,石打,宝町,2,140
JR上越線,大沢,宝町,2,144
JR上越線,上越国際スキー場前,宝町,2,146
JR上越線,塩沢,宝町,3,132
JR上越線,六日町,宝町,3,136
JR上越線,五日町,宝町,3,142
JR上越線,浦佐,宝町,2,121
JR上越線,八色,宝町,3,146
JR上越線,小出,宝町,3,152
JR上越線,越後堀之内,宝町,3,156
JR上越線,北堀之内,宝町,3,480
JR上越線,越後川口,宝町,3,476
JR上越線,小千谷,宝町,3,470
JR上越線,越後滝谷,宝町,3,463
JR上越線,宮内,宝町,3,139
JR上越線,長岡,宝町,2,124
JR上野東京ライン,品川,宝町,0,15
JR上野東京ライン,新橋,宝町,0,3
JR上野東京ライン,東京,宝町,1,13
JR上野東京ライン,上野,宝町,1,14
JR両毛線,高崎,宝町,1,140
JR両毛線,高崎問屋町,宝町,1,152
JR両毛線,井野,宝町,2,78
JR両毛線,新前橋,宝町,1,158
JR両毛線,前橋,宝町,1,163
JR両毛線,前橋大島,宝町,2,164
JR両毛線,駒形,宝町,2,168
JR両毛線,伊勢崎,宝町,2,165
JR両毛線,国定,宝町,2,180
JR両毛線,岩宿,宝町,2,185
JR両毛線,桐生,宝町,1,230
JR両毛線,小俣,宝町,3,231
JR両毛線,山前,宝町,2,158
JR両毛線,足利,宝町,1,133
JR両毛線,あしかがフラワーパーク,宝町,2,162
JR両毛線,富田,宝町,2,160
JR両毛線,佐野,宝町,2,129
JR両毛線,岩舟,宝町,2,148
JR両毛線,大平下,宝町,2,144
JR両毛線,栃木,宝町,2,124
JR両毛線,思川,宝町,2,132
JR両毛線,小山,宝町,1,108
JR中央・総武線各駅停車,三鷹,宝町,1,47
JR中央・総武線各駅停車,吉祥寺,宝町,1,44
JR中央・総武線各駅停車,西荻窪,宝町,1,42
JR中央・総武線各駅停車,荻窪,宝町,1,39
JR中央・総武線各駅停車,阿佐ケ谷,宝町,1,37
JR中央・総武線各駅停車,高円寺,宝町,1,35
JR中央・総武線各駅停車,中野,宝町,1,30
JR中央・総武線各駅停車,東中野,宝町,1,38
JR中央・総武線各駅停車,大久保,宝町,1,37
JR中央・総武線各駅停車,新宿,宝町,1,28
JR中央・総武線各駅停車,代々木,宝町,1,26
JR中央・総武線各駅停車,千駄ケ谷,宝町,1,29
JR中央・総武線各駅停車,信濃町,宝町,1,28
JR中央・総武線各駅停車,四ツ谷,宝町,1,26
JR中央・総武線各駅停車,市ケ谷,宝町,1,21
JR中央・総武線各駅停車,飯田橋,宝町,1,14
JR中央・総武線各駅停車,水道橋,宝町,1,19
JR中央・総武線各駅停車,御茶ノ水,宝町,1,17
JR中央・総武線各駅停車,秋葉原,宝町,1,10
JR中央・総武線各駅停車,浅草橋,宝町,0,7
JR中央・総武線各駅停車,両国,宝町,1,15
JR中央・総武線各駅停車,錦糸町,宝町,1,18
JR中央・総武線各駅停車,亀戸,宝町,1,20
JR中央・総武線各駅停車,平井,宝町,1,23
JR中央・総武線各駅停車,新小岩,宝町,1,26
JR中央・総武線各駅停車,小岩,宝町,1,30
JR中央・総武線各駅停車,市川,宝町,1,32
JR中央・総武線各駅停車,本八幡,宝町,0,43
JR中央・総武線各駅停車,下総中山,宝町,1,39
JR中央・総武線各駅停車,西船橋,宝町,1,40
JR中央・総武線各駅停車,船橋,宝町,0,48
JR中央・総武線各駅停車,東船橋,宝町,1,48
JR中央・総武線各駅停車,津田沼,宝町,1,43
JR中央・総武線各駅停車,幕張本郷,宝町,1,55
JR中央・総武線各駅停車,幕張,宝町,1,58
JR中央・総武線各駅停車,新検見川,宝町,1,60
JR中央・総武線各駅停車,稲毛,宝町,1,51
JR中央・総武線各駅停車,西千葉,宝町,1,65
JR中央・総武線各駅停車,千葉,宝町,1,55
JR中央本線,東京,宝町,1,13
JR中央本線,新宿,宝町,1,28
JR中央本線,三鷹,宝町,1,47
JR中央本線,立川,宝町,1,104
JR中央本線,日野,宝町,2,75
JR中央本線,豊田,宝町,2,78
JR中央本線,八王子,宝町,2,84
JR中央本線,西八王子,宝町,2,85
JR中央本線,高尾,宝町,1,135
JR中央本線,相模湖,宝町,2,87
JR中央本線,藤野,宝町,2,90
JR中央本線,上野原,宝町,2,94
JR中央本線,四方津,宝町,2,99
JR中央本線,梁川,宝町,2,103
JR中央本線,鳥沢,宝町,2,106
JR中央本線,猿橋,宝町,2,110
JR中央本線,大月,宝町,2,114
JR中央本線,初狩,宝町,3,138
JR中央本線,笹子,宝町,3,145
JR中央本線,甲斐大和,宝町,3,150
JR中央本線,勝沼ぶどう郷,宝町,3,156
JR中央本線,塩山,宝町,3,160
JR中央本線,東山梨,宝町,3,164
JR中央本線,山梨市,宝町,3,167
JR中央本線,春日居町,宝町,3,170
JR中央本線,石和温泉,宝町,3,173
JR中央本線,酒折,宝町,3,177
JR中央本線,甲府,宝町,2,239
JR中央本線,竜王,宝町,2,199
JR中央本線,塩崎,宝町,3,172
JR中央本線,韮崎,宝町,4,518
JR中央本線,新府,宝町,3,180
JR中央本線,穴山,宝町,3,184
JR中央本線,日野春,宝町,3,189
JR中央本線,長坂,宝町,3,194
JR中央本線,小淵沢,宝町,4,544
JR中央本線,信濃境,宝町,3,181
JR中央本線,富士見,宝町,2,179
JR中央本線,すずらんの里,宝町,3,203
JR中央本線,青柳,宝町,3,206
JR中央本線,茅野,宝町,3,160
JR中央本線,上諏訪,宝町,2,248
JR中央本線,下諏訪,宝町,2,261
JR中央本線,岡谷,宝町,2,256
JR中央本線,みどり湖,宝町,3,568
JR中央本線,塩尻,宝町,3,181
JR中央線,東京,宝町,1,13
JR中央線,神田,宝町,1,11
JR中央線,御茶ノ水,宝町,1,17
JR中央線,四ツ谷,宝町,1,26
JR中央線,新宿,宝町,1,28
JR中央線,中野,宝町,1,30
JR中央線,高円寺,宝町,1,35
JR中央線,阿佐ケ谷,宝町,1,37
JR中央線,荻窪,宝町,1,39
JR中央線,西荻窪,宝町,1,42
JR中央線,吉祥寺,宝町,1,44
JR中央線,三鷹,宝町,1,47
JR中央線,武蔵境,宝町,2,52
JR中央線,東小金井,宝町,2,55
JR中央線,武蔵小金井,宝町,2,58
JR中央線,国分寺,宝町,2,61
JR中央線,西国分寺,宝町,2,64
JR中央線,国立,宝町,2,66
JR中央線,立川,宝町,1,104
JR中央線,日野,宝町,2,75
JR中央線,豊田,宝町,2,78
JR中央線,八王子,宝町,2,84
JR中央線,西八王子,宝町,2,85
JR中央線,高尾,宝町,1,135
JR久留里線,木更津,宝町,1,101
JR久留里線,祇園,宝町,2,102
JR久留里線,上総清川,宝町,2,106
JR久留里線,東清川,宝町,2,109
JR久留里線,横田,宝町,2,114
JR久留里線,東横田,宝町,2,119
JR久留里線,馬来田,宝町,2,124
JR久留里線,下郡,宝町,2,128
JR久留里線,小櫃,宝町,2,124
JR久留里線,俵田,宝町,2,136
JR久留里線,久留里,宝町,2,133
JR久留里線,平山,宝町,2,136
JR久留里線,上総松丘,宝町,2,142
JR久留里線,上総亀山,宝町,2,162
JR五日市線,拝島,宝町,2,84
JR五日市線,熊川,宝町,3,88
JR五日市線,東秋留,宝町,3,90
JR五日市線,秋川,宝町,3,95
JR五日市線,武蔵引田,宝町,3,97
JR五日市線,武蔵増戸,宝町,3,99
JR五日市線,武蔵五日市,宝町,3,106
JR京浜東北線,大宮,宝町,1,53
JR京浜東北線,さいたま新都心,宝町,1,50
JR京浜東北線,与野,宝町,1,64
JR京浜東北線,北浦和,宝町,1,61
JR京浜東北線,浦和,宝町,1,45
JR京浜東北線,南浦和,宝町,1,56
JR京浜東北線,蕨,宝町,1,52
JR京浜東北線,西川口,宝町,1,49
JR京浜東北線,川口,宝町,1,46
JR京浜東北線,赤羽,宝町,1,36
JR京浜東北線,東十条,宝町,1,40
JR京浜東北線,王子,宝町,1,37
JR京浜東北線,上中里,宝町,1,35
JR京浜東北線,田端,宝町,1,29
JR京浜東北線,西日暮里,宝町,1,30
JR京浜東北線,日暮里,宝町,1,28
JR京浜東北線,鶯谷,宝町,1,26
JR京浜東北線,上野,宝町,1,14
JR京浜東北線,御徒町,宝町,1,17
JR京浜東北線,秋葉原,宝町,1,10
JR京浜東北線,神田,宝町,1,11
JR京浜東北線,東京,宝町,1,13
JR京浜東北線,有楽町,宝町,1,11
JR京浜東北線,新橋,宝町,0,3
JR京浜東北線,浜松町,宝町,0,15
JR京浜東北線,田町,宝町,0,18
JR京浜東北線,高輪ゲートウェイ,宝町,0,19
JR京浜東北線,品川,宝町,0,15
JR京浜東北線,大井町,宝町,1,22
JR京浜東北線,大森,宝町,1,25
JR京浜東北線,蒲田,宝町,0,42
JR京浜東北線,川崎,宝町,0,41
JR京浜東北線,鶴見,宝町,1,37
JR京浜東北線,新子安,宝町,1,41
JR京浜東北線,東神奈川,宝町,1,44
JR京浜東北線,横浜,宝町,0,47
JR京浜東北線,桜木町,宝町,1,52
JR京浜東北線,関内,宝町,1,55
JR京浜東北線,石川町,宝町,1,57
JR京浜東北線,山手,宝町,1,59
JR京浜東北線,根岸,宝町,1,62
JR京浜東北線,磯子,宝町,1,65
JR京浜東北線,新杉田,宝町,1,67
JR京浜東北線,洋光台,宝町,1,70
JR京浜東北線,港南台,宝町,1,73
JR京浜東北線,本郷台,宝町,1,76
JR京浜東北線,大船,宝町,1,53
JR京葉線,東京,宝町,1,13
JR京葉線,八丁堀,宝町,1,8
JR京葉線,越中島,宝町,1,51
JR京葉線,潮見,宝町,2,21
JR京葉線,新木場,宝町,2,23
JR京葉線,葛西臨海公園,宝町,2,28
JR京葉線,舞浜,宝町,2,31
JR京葉線,新浦安,宝町,2,34
JR京葉線,市川塩浜,宝町,2,37
JR京葉線,二俣新町,宝町,1,71
JR京葉線,南船橋,宝町,1,57
JR京葉線,新習志野,宝町,1,59
JR京葉線,海浜幕張,宝町,1,63
JR京葉線,検見川浜,宝町,2,57
JR京葉線,稲毛海岸,宝町,2,59
JR京葉線,千葉みなと,宝町,2,63
JR京葉線,蘇我,宝町,1,62
JR信越本線（群馬県）,高崎,宝町,1,140
JR信越本線（群馬県）,北高崎,宝町,2,163
JR信越本線（群馬県）,群馬八幡,宝町,3,97
JR信越本線（群馬県）,安中,宝町,3,102
JR信越本線（群馬県）,磯部,宝町,3,193
JR信越本線（群馬県）,松井田,宝町,3,113
JR信越本線（群馬県）,西松井田,宝町,3,115
JR信越本線（群馬県）,横川,宝町,3,121
JR八高線,八王子,宝町,2,84
JR八高線,北八王子,宝町,2,124
JR八高線,小宮,宝町,3,94
JR八高線,拝島,宝町,2,84
JR八高線,東福生,宝町,3,93
JR八高線,箱根ケ崎,宝町,3,98
JR八高線,金子,宝町,3,103
JR八高線,東飯能,宝町,3,109
JR八高線,高麗川,宝町,3,97
JR八高線,毛呂,宝町,3,175
JR八高線,越生,宝町,3,121
JR八高線,明覚,宝町,3,153
JR八高線,小川町,宝町,1,15
JR八高線,竹沢,宝町,3,139
JR八高線,折原,宝町,3,133
JR八高線,寄居,宝町,2,136
JR八高線,用土,宝町,3,122
JR八高線,松久,宝町,3,119
JR八高線,児玉,宝町,2,159
JR八高線,丹荘,宝町,2,161
JR八高線,群馬藤岡,宝町,3,100
JR八高線,北藤岡,宝町,3,95
JR八高線,倉賀野,宝町,1,135
JR八高線,高崎,宝町,1,140
JR内房線,千葉,宝町,1,55
JR内房線,本千葉,宝町,1,59
JR内房線,蘇我,宝町,1,62
JR内房線,浜野,宝町,1,65
JR内房線,八幡宿,宝町,1,68
JR内房線,五井,宝町,1,72
JR内房線,姉ケ崎,宝町,1,78
JR内房線,長浦,宝町,3,161
JR内房線,袖ケ浦,宝町,1,86
JR内房線,巌根,宝町,2,82
JR内房線,木更津,宝町,1,101
JR内房線,君津,宝町,1,100
JR内房線,青堀,宝町,2,101
JR内房線,大貫,宝町,2,106
JR内房線,佐貫町,宝町,2,110
JR内房線,上総湊,宝町,2,108
JR内房線,竹岡,宝町,2,133
JR内房線,浜金谷,宝町,2,138
JR内房線,保田,宝町,2,142
JR内房線,安房勝山,宝町,2,146
JR内房線,岩井,宝町,2,149
JR内房線,富浦,宝町,2,155
JR内房線,那古船形,宝町,2,158
JR内房線,館山,宝町,1,147
JR内房線,九重,宝町,2,169
JR内房線,千倉,宝町,2,175
JR内房線,千歳,宝町,2,541
JR内房線,南三原,宝町,2,547
JR内房線,和田浦,宝町,2,555
JR内房線,江見,宝町,2,560
JR内房線,太海,宝町,3,583
JR内房線,安房鴨川,宝町,2,169
JR南武線,立川,宝町,1,104
JR南武線,西国立,宝町,1,102
JR南武線,矢川,宝町,1,99
JR南武線,谷保,宝町,1,97
JR南武線,西府,宝町,1,95
JR南武線,分倍河原,宝町,1,92
JR南武線,府中本町,宝町,1,89
JR南武線,南多摩,宝町,1,87
JR南武線,稲城長沼,宝町,1,83
JR南武線,矢野口,宝町,1,81
JR南武線,稲田堤,宝町,1,78
JR南武線,中野島,宝町,1,76
JR南武線,登戸,宝町,1,73
JR南武線,宿河原,宝町,1,71
JR南武線,久地,宝町,1,69
JR南武線,津田山,宝町,1,67
JR南武線,武蔵溝ノ口,宝町,1,62
JR南武線,武蔵新城,宝町,1,62
JR南武線,武蔵中原,宝町,1,59
JR南武線,武蔵小杉,宝町,1,25
JR南武線,向河原,宝町,1,54
JR南武線,平間,宝町,1,52
JR南武線,鹿島田,宝町,1,37
JR南武線,矢向,宝町,1,47
JR南武線,尻手,宝町,1,45
JR南武線,川崎,宝町,0,41
JR埼京線,川越,宝町,2,81
JR埼京線,南古谷,宝町,2,75
JR埼京線,指扇,宝町,2,70
JR埼京線,日進,宝町,3,172
JR埼京線,大宮,宝町,1,53
JR埼京線,北与野,宝町,2,62
JR埼京線,与野本町,宝町,2,64
JR埼京線,南与野,宝町,2,60
JR埼京線,中浦和,宝町,2,58
JR埼京線,武蔵浦和,宝町,2,52
JR埼京線,北戸田,宝町,2,52
JR埼京線,戸田,宝町,2,50
JR埼京線,戸田公園,宝町,2,48
JR埼京線,浮間舟渡,宝町,2,45
JR埼京線,北赤羽,宝町,2,42
JR埼京線,赤羽,宝町,1,36
JR埼京線,十条,宝町,2,45
JR埼京線,板橋,宝町,1,47
JR埼京線,池袋,宝町,1,38
JR埼京線,新宿,宝町,1,28
JR埼京線,渋谷,宝町,1,25
JR埼京線,恵比寿,宝町,1,24
JR埼京線,大崎,宝町,1,23
JR埼京線,西大井,宝町,1,20
JR埼京線,武蔵小杉,宝町,1,25
JR埼京線,羽沢横浜国大,宝町,2,45
JR外房線,千葉,宝町,1,55
JR外房線,本千葉,宝町,1,59
JR外房線,蘇我,宝町,1,62
JR外房線,鎌取,宝町,1,69
JR外房線,誉田,宝町,1,73
JR外房線,土気,宝町,1,78
JR外房線,大網,宝町,1,82
JR外房線,永田,宝町,2,94
JR外房線,本納,宝町,2,97
JR外房線,新茂原,宝町,2,101
JR外房線,茂原,宝町,1,92
JR外房線,八積,宝町,2,102
JR外房線,上総一ノ宮,宝町,1,99
JR外房線,東浪見,宝町,2,106
JR外房線,太東,宝町,2,110
JR外房線,長者町,宝町,2,113
JR外房線,三門,宝町,2,115
JR外房線,大原,宝町,2,119
JR外房線,浪花,宝町,2,124
JR外房線,御宿,宝町,2,129
JR外房線,勝浦,宝町,2,134
JR外房線,鵜原,宝町,2,142
JR外房線,上総興津,宝町,2,147
JR外房線,行川アイランド,宝町,2,151
JR外房線,安房小湊,宝町,2,157
JR外房線,安房天津,宝町,2,161
JR外房線,安房鴨川,宝町,2,169
JR宇都宮線,黒磯,宝町,3,106
JR宇都宮線,那須塩原,宝町,2,94
JR宇都宮線,西那須野,宝町,3,123
JR宇都宮線,野崎,宝町,3,204
JR宇都宮線,矢板,宝町,3,122
JR宇都宮線,片岡,宝町,3,116
JR宇都宮線,蒲須坂,宝町,3,112
JR宇都宮線,氏家,宝町,3,107
JR宇都宮線,宝積寺,宝町,3,102
JR宇都宮線,岡本,宝町,2,218
JR宇都宮線,宇都宮,宝町,1,139
JR宇都宮線,雀宮,宝町,1,132
JR宇都宮線,石橋,宝町,3,298
JR宇都宮線,自治医大,宝町,1,121
JR宇都宮線,小金井,宝町,1,117
JR宇都宮線,小山,宝町,1,108
JR宇都宮線,間々田,宝町,1,102
JR宇都宮線,野木,宝町,1,98
JR宇都宮線,古河,宝町,1,94
JR宇都宮線,栗橋,宝町,1,87
JR宇都宮線,東鷲宮,宝町,1,82
JR宇都宮線,久喜,宝町,1,78
JR宇都宮線,新白岡,宝町,1,75
JR宇都宮線,白岡,宝町,1,71
JR宇都宮線,蓮田,宝町,1,67
JR宇都宮線,東大宮,宝町,1,62
JR宇都宮線,土呂,宝町,1,59
JR宇都宮線,大宮,宝町,1,53
JR宇都宮線,さいたま新都心,宝町,1,50
JR宇都宮線,浦和,宝町,1,45
JR宇都宮線,赤羽,宝町,1,36
JR宇都宮線,尾久,宝町,1,30
JR宇都宮線,上野,宝町,1,14
JR山手線,大崎,宝町,1,23
JR山手線,五反田,宝町,0,16
JR山手線,目黒,宝町,1,23
JR山手線,恵比寿,宝町,1,24
JR山手線,渋谷,宝町,1,25
JR山手線,原宿,宝町,1,33
JR山手線,代々木,宝町,1,26
JR山手線,新宿,宝町,1,28
JR山手線,新大久保,宝町,1,40
JR山手線,高田馬場,宝町,1,23
JR山手線,目白,宝町,1,41
JR山手線,池袋,宝町,1,38
JR山手線,大塚,宝町,1,36
JR山手線,巣鴨,宝町,1,34
JR山手線,駒込,宝町,1,32
JR山手線,田端,宝町,1,29
JR山手線,西日暮里,宝町,1,30
JR山手線,日暮里,宝町,1,28
JR山手線,鶯谷,宝町,1,26
JR山手線,上野,宝町,1,14
JR山手線,御徒町,宝町,1,17
JR山手線,秋葉原,宝町,1,10
JR山手線,神田,宝町,1,11
JR山手線,東京,宝町,1,13
JR山手線,有楽町,宝町,1,11
JR山手線,新橋,宝町,0,3
JR山手線,浜松町,宝町,0,15
JR山手線,田町,宝町,0,18
JR山手線,高輪ゲートウェイ,宝町,0,19
JR山手線,品川,宝町,0,15
JR川越線,大宮,宝町,1,53
JR川越線,日進,宝町,3,172
JR川越線,西大宮,宝町,2,67
JR川越線,指扇,宝町,2,70
JR川越線,南古谷,宝町,2,75
JR川越線,川越,宝町,2,81
JR川越線,西川越,宝町,3,82
JR川越線,的場,宝町,3,85
JR川越線,笠幡,宝町,3,89
JR川越線,武蔵高萩,宝町,3,93
JR川越線,高麗川,宝町,3,97
JR常磐線,仙台,宝町,2,116
JR常磐線,長町,宝町,3,134
JR常磐線,太子堂,宝町,3,136
JR常磐線,南仙台,宝町,3,139
JR常磐線,名取,宝町,3,142
JR常磐線,館腰,宝町,3,146
JR常磐線,岩沼,宝町,3,149
JR常磐線,逢隈,宝町,3,156
JR常磐線,亘理,宝町,3,162
JR常磐線,浜吉田,宝町,3,166
JR常磐線,山下,宝町,3,546
JR常磐線,坂元,宝町,3,471
JR常磐線,新地,宝町,3,476
JR常磐線,駒ケ嶺,宝町,3,487
JR常磐線,相馬,宝町,3,577
JR常磐線,日立木,宝町,3,582
JR常磐線,鹿島,宝町,2,268
JR常磐線,原ノ町,宝町,1,248
JR常磐線,磐城太田,宝町,2,726
JR常磐線,小高,宝町,2,721
JR常磐線,桃内,宝町,2,717
JR常磐線,浪江,宝町,1,230
JR常磐線,双葉,宝町,1,226
JR常磐線,大野,宝町,1,221
JR常磐線,夜ノ森,宝町,2,231
JR常磐線,富岡,宝町,1,212
JR常磐線,竜田,宝町,2,214
JR常磐線,木戸,宝町,2,210
JR常磐線,Jヴィレッジ,宝町,2,208
JR常磐線,広野,宝町,3,217
JR常磐線,末続,宝町,3,211
JR常磐線,久ノ浜,宝町,3,208
JR常磐線,四ツ倉,宝町,3,203
JR常磐線,草野,宝町,3,199
JR常磐線,いわき,宝町,1,217
JR常磐線,内郷,宝町,3,194
JR常磐線,湯本,宝町,2,177
JR常磐線,泉,宝町,2,172
JR常磐線,植田,宝町,2,148
JR常磐線,勿来,宝町,2,163
JR常磐線,大津港,宝町,3,170
JR常磐線,磯原,宝町,2,155
JR常磐線,南中郷,宝町,3,160
JR常磐線,高萩,宝町,1,175
JR常磐線,十王,宝町,2,182
JR常磐線,小木津,宝町,2,178
JR常磐線,日立,宝町,1,165
JR常磐線,常陸多賀,宝町,1,160
JR常磐線,大甕,宝町,1,156
JR常磐線,東海,宝町,1,151
JR常磐線,佐和,宝町,2,154
JR常磐線,勝田,宝町,1,144
JR常磐線,水戸,宝町,1,138
JR常磐線,偕楽園,宝町,2,129
JR常磐線,赤塚,宝町,1,133
JR常磐線,内原,宝町,2,122
JR常磐線,友部,宝町,1,126
JR常磐線,岩間,宝町,2,112
JR常磐線,羽鳥,宝町,2,108
JR常磐線,石岡,宝町,1,115
JR常磐線,高浜,宝町,2,737
JR常磐線,神立,宝町,2,94
JR常磐線,土浦,宝町,1,86
JR常磐線,荒川沖,宝町,1,80
JR常磐線,ひたち野うしく,宝町,1,77
JR常磐線,牛久,宝町,1,74
JR常磐線,佐貫,宝町,1,72
JR常磐線,藤代,宝町,1,67
JR常磐線,取手,宝町,1,62
JR常磐線,天王台,宝町,1,58
JR常磐線,我孫子,宝町,1,59
JR常磐線,柏,宝町,1,56
JR常磐線,松戸,宝町,1,45
JR常磐線,北千住,宝町,1,25
JR常磐線,南千住,宝町,1,21
JR常磐線,三河島,宝町,1,29
JR常磐線,日暮里,宝町,1,28
JR常磐線,上野,宝町,1,14
JR常磐線各駅停車,綾瀬,宝町,2,34
JR常磐線各駅停車,亀有,宝町,1,45
JR常磐線各駅停車,金町,宝町,1,40
JR常磐線各駅停車,松戸,宝町,1,45
JR常磐線各駅停車,北松戸,宝町,2,47
JR常磐線各駅停車,馬橋,宝町,2,49
JR常磐線各駅停車,新松戸,宝町,1,49
JR常磐線各駅停車,北小金,宝町,2,53
JR常磐線各駅停車,南柏,宝町,2,56
JR常磐線各駅停車,柏,宝町,1,56
JR常磐線各駅停車,北柏,宝町,2,62
JR常磐線各駅停車,我孫子,宝町,1,59
JR御殿場線,国府津,宝町,1,82
JR御殿場線,下曽我,宝町,2,94
JR御殿場線,上大井,宝町,2,98
JR御殿場線,相模金子,宝町,2,102
JR御殿場線,松田,宝町,2,78
JR御殿場線,東山北,宝町,2,110
JR御殿場線,山北,宝町,2,114
JR御殿場線,谷峨,宝町,2,121
JR御殿場線,駿河小山,宝町,2,127
JR御殿場線,足柄,宝町,2,69
JR御殿場線,御殿場,宝町,2,139
JR御殿場線,南御殿場,宝町,2,126
JR御殿場線,富士岡,宝町,2,122
JR御殿場線,岩波,宝町,2,116
JR御殿場線,裾野,宝町,2,109
JR御殿場線,長泉なめり,宝町,2,107
JR御殿場線,下土狩,宝町,2,88
JR御殿場線,大岡,宝町,2,101
JR御殿場線,沼津,宝町,1,148
JR成田線,佐倉,宝町,1,71
JR成田線,酒々井,宝町,1,77
JR成田線,成田,宝町,0,86
JR成田線,久住,宝町,1,99
JR成田線,滑河,宝町,1,105
JR成田線,下総神崎,宝町,1,112
JR成田線,大戸,宝町,1,117
JR成田線,佐原,宝町,1,121
JR成田線,香取,宝町,1,126
JR成田線,水郷,宝町,1,133
JR成田線,小見川,宝町,1,138
JR成田線,笹川,宝町,1,144
JR成田線,下総橘,宝町,1,152
JR成田線,下総豊里,宝町,1,156
JR成田線,椎柴,宝町,1,161
JR成田線,松岸,宝町,1,166
JR成田線,銚子,宝町,1,170
JR日光線,宇都宮,宝町,1,139
JR日光線,鶴田,宝町,3,93
JR日光線,鹿沼,宝町,3,103
JR日光線,文挟,宝町,3,110
JR日光線,下野大沢,宝町,3,117
JR日光線,今市,宝町,2,188
JR日光線,日光,宝町,2,194
JR東海道線,東京,宝町,1,13
JR東海道線,新橋,宝町,0,3
JR東海道線,品川,宝町,0,15
JR東海道線,川崎,宝町,0,41
JR東海道線,横浜,宝町,0,47
JR東海道線,戸塚,宝町,1,47
JR東海道線,大船,宝町,1,53
JR東海道線,藤沢,宝町,1,54
JR東海道線,辻堂,宝町,1,62
JR東海道線,茅ケ崎,宝町,1,62
JR東海道線,平塚,宝町,1,69
JR東海道線,大磯,宝町,1,82
JR東海道線,二宮,宝町,1,78
JR東海道線,国府津,宝町,1,82
JR東海道線,鴨宮,宝町,1,94
JR東海道線,小田原,宝町,1,53
JR東海道線,早川,宝町,1,103
JR東海道線,根府川,宝町,1,108
JR東海道線,真鶴,宝町,1,113
JR東海道線,湯河原,宝町,1,117
JR東海道線,熱海,宝町,1,66
JR東金線,大網,宝町,1,82
JR東金線,福俵,宝町,2,90
JR東金線,東金,宝町,2,93
JR東金線,求名,宝町,2,98
JR東金線,成東,宝町,1,115
JR根岸線,大船,宝町,1,53
JR根岸線,本郷台,宝町,1,76
JR根岸線,港南台,宝町,1,73
JR根岸線,洋光台,宝町,1,70
JR根岸線,新杉田,宝町,1,67
JR根岸線,磯子,宝町,1,65
JR根岸線,根岸,宝町,1,62
JR根岸線,山手,宝町,1,59
JR根岸線,石川町,宝町,1,57
JR根岸線,関内,宝町,1,55
JR根岸線,桜木町,宝町,1,52
JR根岸線,横浜,宝町,0,47
JR横浜線,八王子,宝町,2,84
JR横浜線,片倉,宝町,1,143
JR横浜線,八王子みなみ野,宝町,2,96
JR横浜線,相原,宝町,2,92
JR横浜線,橋本,宝町,1,96
JR横浜線,相模原,宝町,1,105
JR横浜線,矢部,宝町,1,102
JR横浜線,淵野辺,宝町,1,100
JR横浜線,古淵,宝町,1,97
JR横浜線,町田,宝町,1,94
JR横浜線,成瀬,宝町,1,90
JR横浜線,長津田,宝町,1,79
JR横浜線,十日市場,宝町,1,85
JR横浜線,中山,宝町,1,81
JR横浜線,鴨居,宝町,1,78
JR横浜線,小机,宝町,1,74
JR横浜線,新横浜,宝町,1,39
JR横浜線,菊名,宝町,1,63
JR横浜線,大口,宝町,1,65
JR横浜線,東神奈川,宝町,1,44
JR横須賀線,東京,宝町,1,13
JR横須賀線,新橋,宝町,0,3
JR横須賀線,品川,宝町,0,15
JR横須賀線,西大井,宝町,1,20
JR横須賀線,武蔵小杉,宝町,1,25
JR横須賀線,新川崎,宝町,1,29
JR横須賀線,横浜,宝町,0,47
JR横須賀線,保土ケ谷,宝町,1,43
JR横須賀線,東戸塚,宝町,1,47
JR横須賀線,戸塚,宝町,1,47
JR横須賀線,大船,宝町,1,53
JR横須賀線,北鎌倉,宝町,1,61
JR横須賀線,鎌倉,宝町,1,65
JR横須賀線,逗子,宝町,1,69
JR横須賀線,東逗子,宝町,1,77
JR横須賀線,田浦,宝町,1,81
JR横須賀線,横須賀,宝町,1,84
JR横須賀線,衣笠,宝町,1,89
JR横須賀線,久里浜,宝町,0,97
JR武蔵野線,府中本町,宝町,1,89
JR武蔵野線,北府中,宝町,2,93
JR武蔵野線,西国分寺,宝町,2,64
JR武蔵野線,新小平,宝町,2,86
JR武蔵野線,新秋津,宝町,2,81
JR武蔵野線,東所沢,宝町,2,77
JR武蔵野線,新座,宝町,2,74
JR武蔵野線,北朝霞,宝町,2,67
JR武蔵野線,西浦和,宝町,2,65
JR武蔵野線,武蔵浦和,宝町,2,52
JR武蔵野線,南浦和,宝町,1,56
JR武蔵野線,東浦和,宝町,2,65
JR武蔵野線,東川口,宝町,1,72
JR武蔵野線,南越谷,宝町,1,55
JR武蔵野線,越谷レイクタウン,宝町,1,64
JR武蔵野線,吉川,宝町,1,62
JR武蔵野線,吉川美南,宝町,1,59
JR武蔵野線,新三郷,宝町,1,57
JR武蔵野線,三郷,宝町,3,231
JR武蔵野線,南流山,宝町,1,52
JR武蔵野線,新松戸,宝町,1,49
JR武蔵野線,新八柱,宝町,1,44
JR武蔵野線,東松戸,宝町,0,34
JR武蔵野線,市川大野,宝町,1,44
JR武蔵野線,船橋法典,宝町,1,52
JR武蔵野線,西船橋,宝町,1,40
JR水戸線,小山,宝町,1,108
JR水戸線,小田林,宝町,2,116
JR水戸線,結城,宝町,2,119
JR水戸線,東結城,宝町,2,123
JR水戸線,川島,宝町,2,126
JR水戸線,玉戸,宝町,2,129
JR水戸線,下館,宝町,2,133
JR水戸線,新治,宝町,2,139
JR水戸線,大和,宝町,1,83
JR水戸線,岩瀬,宝町,2,169
JR水戸線,羽黒,宝町,3,172
JR水戸線,福原,宝町,2,160
JR水戸線,稲田,宝町,2,156
JR水戸線,笠間,宝町,2,152
JR水戸線,宍戸,宝町,2,147
JR水戸線,友部,宝町,1,126
JR湘南新宿ライン（宇都宮線・横須賀線）,大宮,宝町,1,53
JR湘南新宿ライン（宇都宮線・横須賀線）,浦和,宝町,1,45
JR湘南新宿ライン（宇都宮線・横須賀線）,赤羽,宝町,1,36
JR湘南新宿ライン（宇都宮線・横須賀線）,池袋,宝町,1,38
JR湘南新宿ライン（宇都宮線・横須賀線）,新宿,宝町,1,28
JR湘南新宿ライン（宇都宮線・横須賀線）,渋谷,宝町,1,25
JR湘南新宿ライン（宇都宮線・横須賀線）,恵比寿,宝町,1,24
JR湘南新宿ライン（宇都宮線・横須賀線）,大崎,宝町,1,23
JR湘南新宿ライン（宇都宮線・横須賀線）,西大井駅,宝町,1,20
JR湘南新宿ライン（宇都宮線・横須賀線）,武蔵小杉,宝町,1,25
JR湘南新宿ライン（宇都宮線・横須賀線）,新川崎,宝町,1,29
JR湘南新宿ライン（宇都宮線・横須賀線）,横浜,宝町,0,47
JR湘南新宿ライン（高崎線・東海道線）,大宮,宝町,1,53
JR湘南新宿ライン（高崎線・東海道線）,浦和,宝町,1,45
JR湘南新宿ライン（高崎線・東海道線）,赤羽,宝町,1,36
JR湘南新宿ライン（高崎線・東海道線）,池袋,宝町,1,38
JR湘南新宿ライン（高崎線・東海道線）,新宿,宝町,1,28
JR湘南新宿ライン（高崎線・東海道線）,渋谷,宝町,1,25
JR湘南新宿ライン（高崎線・東海道線）,恵比寿,宝町,1,24
JR湘南新宿ライン（高崎線・東海道線）,大崎,宝町,1,23
JR湘南新宿ライン（高崎線・東海道線）,西大井,宝町,1,20
JR湘南新宿ライン（高崎線・東海道線）,武蔵小杉,宝町,1,25
JR湘南新宿ライン（高崎線・東海道線）,新川崎,宝町,1,29
JR湘南新宿ライン（高崎線・東海道線）,横浜,宝町,0,47
JR湘南新宿ライン（高崎線・東海道線）,保土ケ谷,宝町,1,43
JR湘南新宿ライン（高崎線・東海道線）,東戸塚,宝町,1,47
JR湘南新宿ライン（高崎線・東海道線）,戸塚,宝町,1,47
JR湘南新宿ライン（高崎線・東海道線）,大船,宝町,1,53
JR烏山線,宝積寺,宝町,3,102
JR烏山線,下野花岡,宝町,3,115
JR烏山線,仁井田,宝町,3,118
JR烏山線,鴻野山,宝町,3,123
JR烏山線,大金,宝町,3,130
JR烏山線,小塙,宝町,3,140
JR烏山線,滝,宝町,3,647
JR烏山線,烏山,宝町,3,149
JR相模線,橋本,宝町,1,96
JR相模線,南橋本,宝町,2,109
JR相模線,上溝,宝町,2,123
JR相模線,番田,宝町,2,118
JR相模線,原当麻,宝町,2,111
JR相模線,下溝,宝町,2,109
JR相模線,相武台下,宝町,2,103
JR相模線,入谷,宝町,1,17
JR相模線,海老名,宝町,1,94
JR相模線,厚木,宝町,2,92
JR相模線,社家,宝町,2,89
JR相模線,門沢橋,宝町,2,86
JR相模線,倉見,宝町,2,84
JR相模線,宮山,宝町,2,81
JR相模線,寒川,宝町,2,78
JR相模線,香川,宝町,2,75
JR相模線,北茅ケ崎,宝町,2,72
JR相模線,茅ケ崎,宝町,1,62
JR総武本線,東京,宝町,1,13
JR総武本線,新日本橋,宝町,1,17
JR総武本線,馬喰町,宝町,0,14
JR総武本線,錦糸町,宝町,1,18
JR総武本線,新小岩,宝町,1,26
JR総武本線,市川,宝町,1,32
JR総武本線,船橋,宝町,0,48
JR総武本線,津田沼,宝町,1,43
JR総武本線,稲毛,宝町,1,51
JR総武本線,千葉,宝町,1,55
JR総武本線,東千葉,宝町,2,62
JR総武本線,都賀,宝町,1,66
JR総武本線,四街道,宝町,1,70
JR総武本線,物井,宝町,1,75
JR総武本線,佐倉,宝町,1,71
JR総武本線,南酒々井,宝町,2,76
JR総武本線,榎戸,宝町,3,174
JR総武本線,八街,宝町,1,101
JR総武本線,日向,宝町,2,91
JR総武本線,成東,宝町,1,115
JR総武本線,松尾,宝町,3,676
JR総武本線,横芝,宝町,1,133
JR総武本線,飯倉,宝町,2,115
JR総武本線,八日市場,宝町,2,118
JR総武本線,干潟,宝町,2,127
JR総武本線,旭,宝町,2,132
JR総武本線,飯岡,宝町,2,135
JR総武本線,倉橋,宝町,2,139
JR総武本線,猿田,宝町,2,143
JR総武本線,松岸,宝町,1,166
JR総武本線,銚子,宝町,1,170
JR総武線快速,東京,宝町,1,13
JR総武線快速,新日本橋,宝町,1,17
JR総武線快速,馬喰町,宝町,0,14
JR総武線快速,錦糸町,宝町,1,18
JR総武線快速,新小岩,宝町,1,26
JR総武線快速,市川,宝町,1,32
JR総武線快速,船橋,宝町,0,48
JR総武線快速,津田沼,宝町,1,43
JR総武線快速,稲毛,宝町,1,51
JR総武線快速,千葉,宝町,1,55
JR総武線快速,東千葉,宝町,2,62
JR総武線快速,都賀,宝町,1,66
JR総武線快速,四街道,宝町,1,70
JR総武線快速,物井,宝町,1,75
JR総武線快速,佐倉,宝町,1,71
JR総武線快速,南酒々井,宝町,2,76
JR総武線快速,榎戸,宝町,3,174
JR総武線快速,八街,宝町,1,101
JR総武線快速,日向,宝町,2,91
JR総武線快速,成東,宝町,1,115
JR総武線快速,松尾,宝町,3,676
JR総武線快速,横芝,宝町,1,133
JR総武線快速,飯倉,宝町,2,115
JR総武線快速,八日市場,宝町,2,118
JR総武線快速,干潟,宝町,2,127
JR総武線快速,旭,宝町,2,132
JR総武線快速,飯岡,宝町,2,135
JR総武線快速,倉橋,宝町,2,139
JR総武線快速,猿田,宝町,2,143
JR総武線快速,松岸,宝町,1,166
JR総武線快速,銚子,宝町,1,170
JR青梅線,立川,宝町,1,104
JR青梅線,西立川,宝町,2,74
JR青梅線,東中神,宝町,2,76
JR青梅線,中神,宝町,2,78
JR青梅線,昭島,宝町,2,80
JR青梅線,拝島,宝町,2,84
JR青梅線,牛浜,宝町,2,89
JR青梅線,福生,宝町,2,91
JR青梅線,羽村,宝町,2,96
JR青梅線,小作,宝町,2,99
JR青梅線,河辺,宝町,2,102
JR青梅線,東青梅,宝町,2,106
JR青梅線,青梅,宝町,2,109
JR青梅線,宮ノ平,宝町,2,114
JR青梅線,日向和田,宝町,2,116
JR青梅線,石神前,宝町,2,119
JR青梅線,二俣尾,宝町,2,121
JR青梅線,軍畑,宝町,2,123
JR青梅線,沢井,宝町,2,125
JR青梅線,御嶽,宝町,2,128
JR青梅線,川井,宝町,2,133
JR青梅線,古里,宝町,2,136
JR青梅線,鳩ノ巣,宝町,2,141
JR青梅線,白丸,宝町,2,143
JR青梅線,奥多摩,宝町,2,146
JR高崎線,高崎,宝町,1,140
JR高崎線,倉賀野,宝町,1,135
JR高崎線,新町,宝町,3,785
JR高崎線,神保原,宝町,1,124
JR高崎線,本庄,宝町,1,120
JR高崎線,岡部,宝町,1,115
JR高崎線,深谷,宝町,1,110
JR高崎線,籠原,宝町,1,102
JR高崎線,熊谷,宝町,1,94
JR高崎線,行田,宝町,1,90
JR高崎線,吹上,宝町,2,147
JR高崎線,北鴻巣,宝町,1,80
JR高崎線,鴻巣,宝町,1,78
JR高崎線,北本,宝町,1,71
JR高崎線,桶川,宝町,1,66
JR高崎線,北上尾,宝町,1,63
JR高崎線,上尾,宝町,1,63
JR高崎線,宮原,宝町,1,58
JR高崎線,大宮,宝町,1,53
JR高崎線,さいたま新都心,宝町,1,50
JR高崎線,浦和,宝町,1,45
JR高崎線,赤羽,宝町,1,36
JR高崎線,尾久,宝町,1,30
JR高崎線,上野,宝町,1,14
JR鶴見線,鶴見,宝町,1,37
JR鶴見線,国道,宝町,2,41
JR鶴見線,鶴見小野,宝町,2,43
JR鶴見線,弁天橋,宝町,2,45
JR鶴見線,浅野,宝町,1,67
JR鶴見線,新芝浦,宝町,1,69
JR鶴見線,海芝浦,宝町,2,59
JR鶴見線,安善,宝町,2,48
JR鶴見線,大川,宝町,1,80
JR鶴見線,武蔵白石,宝町,1,78
JR鶴見線,浜川崎,宝町,1,64
JR鶴見線,昭和,宝町,1,69
JR鶴見線,扇町,宝町,3,192
JR鹿島線,佐原,宝町,1,121
JR鹿島線,香取,宝町,1,126
JR鹿島線,十二橋,宝町,1,136
JR鹿島線,潮来,宝町,1,139
JR鹿島線,延方,宝町,1,144
JR鹿島線,鹿島神宮,宝町,1,148
つくばエクスプレス,秋葉原,宝町,1,10
つくばエクスプレス,新御徒町,宝町,1,22
つくばエクスプレス,浅草,宝町,0,11
つくばエクスプレス,南千住,宝町,1,21
つくばエクスプレス,北千住,宝町,1,25
つくばエクスプレス,青井,宝町,2,34
つくばエクスプレス,六町,宝町,2,36
つくばエクスプレス,八潮,宝町,2,40
つくばエクスプレス,三郷中央,宝町,2,43
つくばエクスプレス,南流山,宝町,1,52
つくばエクスプレス,流山セントラルパーク,宝町,2,49
つくばエクスプレス,流山おおたかの森,宝町,2,52
つくばエクスプレス,柏の葉キャンパス,宝町,2,55
つくばエクスプレス,柏たなか,宝町,2,58
つくばエクスプレス,守谷,宝町,2,62
つくばエクスプレス,みらい平,宝町,2,65
つくばエクスプレス,みどりの,宝町,2,68
つくばエクスプレス,万博記念公園,宝町,3,535
つくばエクスプレス,研究学園,宝町,2,74
つくばエクスプレス,つくば,宝町,2,77
りんかい線,大崎,宝町,1,23
りんかい線,大井町,宝町,1,22
りんかい線,品川シーサイド,宝町,1,44
りんかい線,天王洲アイル,宝町,1,23
りんかい線,東京テレポート,宝町,1,34
りんかい線,国際展示場,宝町,1,41
りんかい線,東雲,宝町,3,414
りんかい線,新木場,宝町,2,23
ディズニーリゾートライン,リゾートゲートウェイ・ステーション,宝町,2,34
ディズニーリゾートライン,東京ディズニーランド・ステーション,宝町,1,100
ディズニーリゾートライン,ベイサイド・ステーション,宝町,3,42
ディズニーリゾートライン,東京ディズニーシー・ステーション,宝町,2,66
京急久里浜線,堀ノ内,宝町,0,86
京急久里浜線,新大津,宝町,0,88
京急久里浜線,北久里浜,宝町,0,89
京急久里浜線,京急久里浜,宝町,0,92
京急久里浜線,ＹＲＰ野比,宝町,0,98
京急久里浜線,京急長沢,宝町,0,100
京急久里浜線,津久井浜,宝町,0,102
京急久里浜線,三浦海岸,宝町,0,104
京急久里浜線,三崎口,宝町,0,107
京急大師線,京急川崎,宝町,0,32
京急大師線,港町,宝町,1,42
京急大師線,鈴木町,宝町,1,44
京急大師線,川崎大師,宝町,1,45
京急大師線,東門前,宝町,1,46
京急大師線,産業道路,宝町,1,48
京急大師線,小島新田,宝町,1,49
京急本線,泉岳寺,宝町,0,11
京急本線,品川,宝町,0,15
京急本線,北品川,宝町,1,21
京急本線,新馬場,宝町,1,22
京急本線,青物横丁,宝町,0,18
京急本線,鮫洲,宝町,1,25
京急本線,立会川,宝町,0,20
京急本線,大森海岸,宝町,1,31
京急本線,平和島,宝町,0,23
京急本線,大森町,宝町,1,29
京急本線,梅屋敷,宝町,1,31
京急本線,京急蒲田,宝町,0,27
京急本線,雑色,宝町,1,39
京急本線,六郷土手,宝町,1,41
京急本線,京急川崎,宝町,0,32
京急本線,八丁畷,宝町,1,42
京急本線,鶴見市場,宝町,1,43
京急本線,京急鶴見,宝町,1,42
京急本線,花月園前,宝町,1,50
京急本線,生麦,宝町,1,51
京急本線,京急新子安,宝町,1,45
京急本線,子安,宝町,1,55
京急本線,神奈川新町,宝町,0,42
京急本線,仲木戸,宝町,1,48
京急本線,神奈川,宝町,1,50
京急本線,横浜,宝町,0,47
京急本線,戸部,宝町,1,54
京急本線,日ノ出町,宝町,1,57
京急本線,黄金町,宝町,1,58
京急本線,南太田,宝町,1,60
京急本線,井土ヶ谷,宝町,1,66
京急本線,弘明寺,宝町,1,65
京急本線,上大岡,宝町,0,57
京急本線,屏風浦,宝町,1,65
京急本線,杉田,宝町,1,67
京急本線,京急富岡,宝町,1,70
京急本線,能見台,宝町,1,74
京急本線,金沢文庫,宝町,0,67
京急本線,金沢八景,宝町,0,71
京急本線,追浜,宝町,0,74
京急本線,京急田浦,宝町,1,85
京急本線,安針塚,宝町,1,88
京急本線,逸見,宝町,1,90
京急本線,汐入,宝町,0,81
京急本線,横須賀中央,宝町,0,82
京急本線,県立大学,宝町,1,87
京急本線,堀ノ内,宝町,0,86
京急本線,京急大津,宝町,1,88
京急本線,馬堀海岸,宝町,1,89
京急本線,浦賀,宝町,1,92
京急空港線,京急蒲田,宝町,0,27
京急空港線,糀谷,宝町,0,29
京急空港線,大鳥居,宝町,0,31
京急空港線,穴守稲荷,宝町,0,33
京急空港線,天空橋,宝町,0,35
京急空港線,羽田空港第3ターミナル,宝町,1,37
京急空港線,羽田空港第1・第2ターミナル,宝町,0,40
京急逗子線,金沢八景,宝町,0,71
京急逗子線,六浦,宝町,1,80
京急逗子線,神武寺,宝町,1,83
京急逗子線,新逗子,宝町,1,76
京成千原線,千葉中央,宝町,1,74
京成千原線,千葉寺,宝町,1,78
京成千原線,大森台,宝町,1,80
京成千原線,学園前,宝町,2,544
京成千原線,おゆみ野,宝町,1,87
京成千原線,ちはら台,宝町,1,89
京成千葉線,京成津田沼,宝町,0,47
京成千葉線,京成幕張本郷,宝町,1,57
京成千葉線,京成幕張,宝町,1,61
京成千葉線,検見川,宝町,1,63
京成千葉線,京成稲毛,宝町,1,66
京成千葉線,みどり台,宝町,1,68
京成千葉線,西登戸,宝町,1,70
京成千葉線,新千葉,宝町,1,72
京成千葉線,京成千葉,宝町,1,62
京成千葉線,千葉中央,宝町,1,74
京成成田空港線,京成上野,宝町,1,22
京成成田空港線,日暮里,宝町,1,28
京成成田空港線,青砥,宝町,0,24
京成成田空港線,京成高砂,宝町,0,27
京成成田空港線,東松戸,宝町,0,34
京成成田空港線,新鎌ヶ谷,宝町,0,39
京成成田空港線,千葉ニュータウン中央,宝町,0,47
京成成田空港線,印旛日本医大,宝町,0,52
京成成田空港線,成田湯川,宝町,0,54
京成押上線,京成曳舟,宝町,0,18
京成押上線,八広,宝町,0,20
京成押上線,四ツ木,宝町,0,23
京成押上線,京成立石,宝町,0,25
京成押上線,青砥,宝町,0,24
京成押上線,京成高砂,宝町,0,27
京成本線,京成成田,宝町,0,80
京成本線,公津の杜,宝町,1,84
京成本線,宗吾参道,宝町,1,82
京成本線,京成酒々井,宝町,1,79
京成本線,大佐倉,宝町,1,77
京成本線,京成佐倉,宝町,0,69
京成本線,京成臼井,宝町,1,68
京成本線,ユーカリが丘,宝町,1,65
京成本線,志津,宝町,1,63
京成本線,勝田台,宝町,0,60
京成本線,京成大和田,宝町,1,62
京成本線,八千代台,宝町,0,55
京成本線,実籾,宝町,1,57
京成本線,京成大久保,宝町,1,55
京成本線,京成津田沼,宝町,0,47
京成本線,谷津,宝町,1,55
京成本線,船橋競馬場,宝町,1,49
京成本線,大神宮下,宝町,1,48
京成本線,京成船橋,宝町,0,42
京成本線,海神,宝町,1,50
京成本線,京成西船,宝町,1,50
京成本線,東中山,宝町,1,43
京成本線,京成中山,宝町,1,41
京成本線,鬼越,宝町,1,40
京成本線,京成八幡,宝町,0,35
京成本線,菅野,宝町,1,48
京成本線,市川真間,宝町,1,43
京成本線,国府台,宝町,1,41
京成本線,江戸川,宝町,1,40
京成本線,京成小岩,宝町,1,34
京成本線,京成高砂,宝町,0,27
京成本線,青砥,宝町,0,24
京成本線,お花茶屋,宝町,1,28
京成本線,堀切菖蒲園,宝町,1,32
京成本線,京成関屋,宝町,1,34
京成本線,千住大橋,宝町,1,36
京成本線,町屋,宝町,1,41
京成本線,新三河島,宝町,1,41
京成本線,日暮里,宝町,1,28
京成本線,京成上野,宝町,1,22
京成金町線,京成高砂,宝町,0,27
京成金町線,柴又,宝町,1,34
京成金町線,京成金町,宝町,1,37
京王井の頭線,渋谷,宝町,1,25
京王井の頭線,神泉,宝町,1,71
京王井の頭線,駒場東大前,宝町,2,36
京王井の頭線,池ノ上,宝町,2,38
京王井の頭線,下北沢,宝町,2,34
京王井の頭線,新代田,宝町,1,70
京王井の頭線,東松原,宝町,2,43
京王井の頭線,明大前,宝町,1,42
京王井の頭線,永福町,宝町,2,47
京王井の頭線,西永福,宝町,2,50
京王井の頭線,浜田山,宝町,2,52
京王井の頭線,高井戸,宝町,2,54
京王井の頭線,富士見ヶ丘,宝町,2,55
京王井の頭線,久我山,宝町,2,55
京王井の頭線,三鷹台,宝町,2,53
京王井の頭線,井の頭公園,宝町,2,51
京王井の頭線,吉祥寺,宝町,1,44
京王動物園線,高幡不動,宝町,1,107
京王動物園線,多摩動物公園,宝町,2,106
京王相模原線,調布,宝町,1,66
京王相模原線,京王多摩川,宝町,1,70
京王相模原線,京王稲田堤,宝町,1,72
京王相模原線,京王よみうりランド,宝町,1,74
京王相模原線,稲城,宝町,1,76
京王相模原線,若葉台,宝町,1,79
京王相模原線,京王永山,宝町,1,83
京王相模原線,京王多摩センター,宝町,1,85
京王相模原線,京王堀之内,宝町,1,89
京王相模原線,南大沢,宝町,1,92
京王相模原線,多摩境,宝町,1,94
京王相模原線,橋本,宝町,1,96
京王競馬場線,東府中,宝町,1,89
京王競馬場線,府中競馬正門前,宝町,2,95
京王線,初台,宝町,1,33
京王線,幡ヶ谷,宝町,1,35
京王線,新宿,宝町,1,28
京王線,笹塚,宝町,1,37
京王線,代田橋,宝町,1,38
京王線,明大前,宝町,1,42
京王線,下高井戸,宝町,1,42
京王線,桜上水,宝町,1,46
京王線,上北沢,宝町,1,46
京王線,八幡山,宝町,1,48
京王線,芦花公園,宝町,1,55
京王線,千歳烏山,宝町,1,53
京王線,仙川,宝町,1,56
京王線,つつじヶ丘,宝町,1,58
京王線,柴崎,宝町,1,64
京王線,国領,宝町,2,68
京王線,布田,宝町,1,68
京王線,調布,宝町,1,66
京王線,西調布,宝町,1,83
京王線,飛田給,宝町,1,84
京王線,武蔵野台,宝町,1,87
京王線,多磨霊園,宝町,1,88
京王線,東府中,宝町,1,89
京王線,府中,宝町,4,277
京王線,分倍河原,宝町,1,92
京王線,中河原,宝町,1,100
京王線,聖蹟桜ヶ丘,宝町,1,102
京王線,百草園,宝町,1,105
京王線,高幡不動,宝町,1,107
京王線,南平,宝町,1,114
京王線,平山城址公園,宝町,1,116
京王線,長沼,宝町,2,98
京王線,北野,宝町,2,90
京王線,京王八王子,宝町,2,93
京王高尾線,北野,宝町,2,90
京王高尾線,京王片倉,宝町,1,128
京王高尾線,山田,宝町,3,205
京王高尾線,めじろ台,宝町,1,132
京王高尾線,狭間,宝町,1,134
京王高尾線,高尾,宝町,1,135
京王高尾線,高尾山口,宝町,2,102
北総鉄道北総線,京成高砂,宝町,0,27
北総鉄道北総線,新柴又,宝町,0,35
北総鉄道北総線,矢切,宝町,0,37
北総鉄道北総線,北国分,宝町,0,40
北総鉄道北総線,秋山,宝町,0,42
北総鉄道北総線,東松戸,宝町,0,34
北総鉄道北総線,松飛台,宝町,0,46
北総鉄道北総線,大町,宝町,0,47
北総鉄道北総線,新鎌ヶ谷,宝町,0,39
北総鉄道北総線,西白井,宝町,0,44
北総鉄道北総線,白井,宝町,0,46
北総鉄道北総線,小室,宝町,0,48
北総鉄道北総線,千葉ニュータウン中央,宝町,0,47
北総鉄道北総線,印西牧の原,宝町,0,56
北総鉄道北総線,印旛日本医大,宝町,0,52
千葉モノレール1号線,千葉みなと,宝町,2,63
千葉モノレール1号線,市役所前,宝町,2,297
千葉モノレール1号線,千葉,宝町,1,55
千葉モノレール1号線,栄町,宝町,2,64
千葉モノレール1号線,葭川公園,宝町,2,66
千葉モノレール1号線,県庁前,宝町,2,204
多摩モノレール,上北台,宝町,2,123
多摩モノレール,桜街道,宝町,2,121
多摩モノレール,玉川上水,宝町,2,72
多摩モノレール,砂川七番,宝町,2,118
多摩モノレール,泉体育館,宝町,2,116
多摩モノレール,立飛,宝町,2,114
多摩モノレール,高松,宝町,2,622
多摩モノレール,立川北,宝町,1,108
多摩モノレール,立川南,宝町,1,108
多摩モノレール,柴崎体育館,宝町,2,118
多摩モノレール,甲州街道,宝町,2,116
多摩モノレール,万願寺,宝町,2,113
多摩モノレール,高幡不動,宝町,1,107
多摩モノレール,程久保,宝町,2,108
多摩モノレール,多摩動物公園,宝町,2,106
多摩モノレール,中央大学・明星大学,宝町,2,101
多摩モノレール,大塚・帝京大学,宝町,2,95
多摩モノレール,松が谷,宝町,2,100
多摩モノレール,多摩センター,宝町,1,91
小田急多摩線,新百合ヶ丘,宝町,2,65
小田急多摩線,五月台,宝町,2,96
小田急多摩線,栗平,宝町,2,71
小田急多摩線,黒川,宝町,2,172
小田急多摩線,はるひ野,宝町,2,91
小田急多摩線,小田急永山,宝町,1,85
小田急多摩線,小田急多摩センター,宝町,1,87
小田急多摩線,唐木田,宝町,2,85
小田急小田原線,新宿,宝町,1,28
小田急小田原線,南新宿,宝町,2,38
小田急小田原線,参宮橋,宝町,2,40
小田急小田原線,代々木八幡,宝町,2,42
小田急小田原線,代々木上原,宝町,2,30
小田急小田原線,東北沢,宝町,2,32
小田急小田原線,下北沢,宝町,2,34
小田急小田原線,世田谷代田,宝町,2,36
小田急小田原線,梅ヶ丘,宝町,2,37
小田急小田原線,豪徳寺,宝町,2,39
小田急小田原線,経堂,宝町,2,39
小田急小田原線,千歳船橋,宝町,2,47
小田急小田原線,祖師ヶ谷大蔵,宝町,2,50
小田急小田原線,成城学園前,宝町,2,44
小田急小田原線,喜多見,宝町,2,55
小田急小田原線,狛江,宝町,2,57
小田急小田原線,和泉多摩川,宝町,2,58
小田急小田原線,登戸,宝町,1,73
小田急小田原線,向ヶ丘遊園,宝町,2,51
小田急小田原線,生田,宝町,2,54
小田急小田原線,読売ランド前,宝町,2,56
小田急小田原線,百合ヶ丘,宝町,2,58
小田急小田原線,新百合ヶ丘,宝町,2,65
小田急小田原線,柿生,宝町,2,64
小田急小田原線,鶴川,宝町,2,66
小田急小田原線,玉川学園前,宝町,2,72
小田急小田原線,町田,宝町,1,94
小田急小田原線,相模大野,宝町,2,78
小田急小田原線,小田急相模原,宝町,2,84
小田急小田原線,相武台前,宝町,2,86
小田急小田原線,座間,宝町,2,89
小田急小田原線,海老名,宝町,1,94
小田急小田原線,厚木,宝町,2,92
小田急小田原線,本厚木,宝町,1,140
小田急小田原線,愛甲石田,宝町,2,100
小田急小田原線,伊勢原,宝町,2,103
小田急小田原線,鶴巻温泉,宝町,2,108
小田急小田原線,東海大学前,宝町,2,91
小田急小田原線,秦野,宝町,2,85
小田急小田原線,渋沢,宝町,2,82
小田急小田原線,新松田,宝町,2,75
小田急小田原線,開成,宝町,2,72
小田急小田原線,栢山,宝町,2,75
小田急小田原線,富水,宝町,2,73
小田急小田原線,螢田,宝町,2,71
小田急小田原線,足柄,宝町,2,69
小田急小田原線,小田原,宝町,1,53
小田急江ノ島線,相模大野,宝町,2,78
小田急江ノ島線,東林間,宝町,2,97
小田急江ノ島線,中央林間,宝町,1,90
小田急江ノ島線,南林間,宝町,2,79
小田急江ノ島線,鶴間,宝町,2,89
小田急江ノ島線,大和,宝町,1,83
小田急江ノ島線,桜ヶ丘,宝町,2,83
小田急江ノ島線,高座渋谷,宝町,2,81
小田急江ノ島線,長後,宝町,2,69
小田急江ノ島線,湘南台,宝町,1,88
小田急江ノ島線,六会日大前,宝町,2,69
小田急江ノ島線,善行,宝町,2,67
小田急江ノ島線,藤沢本町,宝町,2,64
小田急江ノ島線,藤沢,宝町,1,54
小田急江ノ島線,本鵠沼,宝町,2,62
小田急江ノ島線,鵠沼海岸,宝町,2,64
小田急江ノ島線,片瀬江ノ島,宝町,2,66
新京成線,京成津田沼,宝町,0,47
新京成線,新津田沼,宝町,1,50
新京成線,前原,宝町,1,62
新京成線,薬園台,宝町,1,60
新京成線,習志野,宝町,1,59
新京成線,北習志野,宝町,1,56
新京成線,高根木戸,宝町,1,56
新京成線,高根公団,宝町,1,55
新京成線,滝不動,宝町,1,53
新京成線,三咲,宝町,1,52
新京成線,二和向台,宝町,1,50
新京成線,鎌ヶ谷大仏,宝町,1,49
新京成線,初富,宝町,1,46
新京成線,新鎌ヶ谷,宝町,0,39
新京成線,北初富,宝町,1,46
新京成線,くぬぎ山,宝町,1,49
新京成線,元山,宝町,1,51
新京成線,五香,宝町,1,52
新京成線,常盤平,宝町,1,58
新京成線,八柱,宝町,1,48
新京成線,みのり台,宝町,1,62
新京成線,松戸新田,宝町,1,63
新京成線,上本郷,宝町,1,64
新京成線,松戸,宝町,1,45
日暮里・舎人ライナー,見沼代親水公園,宝町,2,57
日暮里・舎人ライナー,舎人,宝町,2,54
日暮里・舎人ライナー,舎人公園,宝町,2,52
日暮里・舎人ライナー,谷在家,宝町,2,51
日暮里・舎人ライナー,西新井大師西,宝町,2,49
日暮里・舎人ライナー,江北,宝町,2,47
日暮里・舎人ライナー,高野,宝町,3,355
日暮里・舎人ライナー,扇大橋,宝町,2,44
日暮里・舎人ライナー,足立小台,宝町,2,41
日暮里・舎人ライナー,熊野前,宝町,2,40
日暮里・舎人ライナー,赤土小学校前,宝町,2,37
日暮里・舎人ライナー,西日暮里,宝町,1,30
日暮里・舎人ライナー,日暮里,宝町,1,28
東京モノレール,浜松町,宝町,0,15
東京モノレール,天王洲アイル,宝町,1,23
東京モノレール,大井競馬場前,宝町,1,27
東京モノレール,流通センター,宝町,1,29
東京モノレール,昭和島,宝町,1,30
東京モノレール,整備場,宝町,1,33
東京モノレール,天空橋,宝町,0,35
東京モノレール,羽田空港第3ターミナル,宝町,1,37
東京モノレール,新整備場,宝町,1,40
東京モノレール,羽田空港第1ターミナル,宝町,1,41
東京モノレール,羽田空港第2ターミナル,宝町,1,43
東急こどもの国線,長津田,宝町,1,79
東急こどもの国線,恩田,宝町,2,87
東急こどもの国線,こどもの国,宝町,2,90
東急世田谷線,三軒茶屋,宝町,2,33
東急世田谷線,西太子堂,宝町,2,50
東急世田谷線,若林,宝町,3,166
東急世田谷線,松陰神社前,宝町,1,74
東急世田谷線,世田谷,宝町,2,57
東急世田谷線,上町,宝町,2,58
東急世田谷線,宮の坂,宝町,2,61
東急世田谷線,山下,宝町,3,546
東急世田谷線,松原,宝町,3,313
東急世田谷線,下高井戸,宝町,1,42
東急多摩川線,多摩川,宝町,1,38
東急多摩川線,沼部,宝町,1,54
東急多摩川線,鵜の木,宝町,1,53
東急多摩川線,下丸子,宝町,1,51
東急多摩川線,武蔵新田,宝町,1,50
東急多摩川線,矢口渡,宝町,1,48
東急多摩川線,蒲田,宝町,0,42
東急大井町線,大井町,宝町,1,22
東急大井町線,下神明,宝町,1,28
東急大井町線,戸越公園,宝町,1,27
東急大井町線,中延,宝町,0,21
東急大井町線,荏原町,宝町,1,29
東急大井町線,旗の台,宝町,1,31
東急大井町線,北千束,宝町,1,36
東急大井町線,大岡山,宝町,1,32
東急大井町線,緑が丘,宝町,1,39
東急大井町線,自由が丘,宝町,1,38
東急大井町線,九品仏,宝町,1,43
東急大井町線,尾山台,宝町,1,45
東急大井町線,等々力,宝町,1,47
東急大井町線,上野毛,宝町,1,49
東急大井町線,二子玉川,宝町,1,54
東急大井町線,二子新地,宝町,1,56
東急大井町線,高津,宝町,3,653
東急大井町線,溝の口,宝町,1,54
東急新横浜線,新横浜,宝町,1,39
東急新横浜線,日吉,宝町,1,46
東急東横線,渋谷,宝町,1,25
東急東横線,代官山,宝町,2,32
東急東横線,中目黒,宝町,1,27
東急東横線,祐天寺,宝町,2,33
東急東横線,学芸大学,宝町,1,53
東急東横線,都立大学,宝町,1,54
東急東横線,自由が丘,宝町,1,38
東急東横線,田園調布,宝町,1,36
東急東横線,多摩川,宝町,1,38
東急東横線,新丸子,宝町,1,44
東急東横線,武蔵小杉,宝町,1,25
東急東横線,元住吉,宝町,1,48
東急東横線,日吉,宝町,1,46
東急東横線,綱島,宝町,1,68
東急東横線,大倉山,宝町,1,68
東急東横線,菊名,宝町,1,63
東急東横線,妙蓮寺,宝町,1,60
東急東横線,白楽,宝町,1,58
東急東横線,東白楽,宝町,1,57
東急東横線,反町,宝町,1,55
東急東横線,横浜,宝町,0,47
東急池上線,五反田,宝町,0,16
東急池上線,大崎広小路,宝町,1,24
東急池上線,戸越銀座,宝町,0,24
東急池上線,荏原中延,宝町,1,29
東急池上線,旗の台,宝町,1,31
東急池上線,長原,宝町,1,32
東急池上線,洗足池,宝町,1,34
東急池上線,石川台,宝町,1,35
東急池上線,雪が谷大塚,宝町,1,37
東急池上線,御嶽山,宝町,1,39
東急池上線,久が原,宝町,1,40
東急池上線,千鳥町,宝町,1,44
東急池上線,池上,宝町,1,46
東急池上線,蓮沼,宝町,1,48
東急池上線,蒲田,宝町,0,42
東急田園都市線,渋谷,宝町,1,25
東急田園都市線,池尻大橋,宝町,1,40
東急田園都市線,三軒茶屋,宝町,2,33
東急田園都市線,駒沢大学,宝町,2,36
東急田園都市線,桜新町,宝町,2,39
東急田園都市線,用賀,宝町,2,42
東急田園都市線,二子玉川,宝町,1,54
東急田園都市線,二子新地,宝町,1,56
東急田園都市線,高津,宝町,3,653
東急田園都市線,溝の口,宝町,1,54
東急田園都市線,梶が谷,宝町,1,62
東急田園都市線,宮崎台,宝町,1,67
東急田園都市線,宮前平,宝町,1,68
東急田園都市線,鷺沼,宝町,1,65
東急田園都市線,たまプラーザ,宝町,1,68
東急田園都市線,あざみ野,宝町,1,70
東急田園都市線,江田,宝町,1,77
東急田園都市線,市が尾,宝町,1,82
東急田園都市線,藤が丘,宝町,1,84
東急田園都市線,青葉台,宝町,1,75
東急田園都市線,田奈,宝町,1,107
東急田園都市線,長津田,宝町,1,79
東急田園都市線,つくし野,宝町,1,83
東急田園都市線,すずかけ台,宝町,1,84
東急田園都市線,南町田,宝町,1,86
東急田園都市線,つきみ野,宝町,1,88
東急田園都市線,中央林間,宝町,1,90
東急目黒線,目黒,宝町,1,23
東急目黒線,不動前,宝町,1,25
東急目黒線,武蔵小山,宝町,1,27
東急目黒線,西小山,宝町,1,32
東急目黒線,洗足,宝町,1,34
東急目黒線,大岡山,宝町,1,32
東急目黒線,奥沢,宝町,1,38
東急目黒線,田園調布,宝町,1,36
東急目黒線,多摩川,宝町,1,38
東急目黒線,新丸子,宝町,1,44
東急目黒線,武蔵小杉,宝町,1,25
東急目黒線,元住吉,宝町,1,48
東急目黒線,日吉,宝町,1,46
東武亀戸線,亀戸,宝町,1,20
東武亀戸線,亀戸水神,宝町,1,38
東武亀戸線,東あずま,宝町,1,36
東武亀戸線,小村井,宝町,1,34
東武亀戸線,曳舟,宝町,0,27
東武伊勢崎線,浅草,宝町,0,11
東武伊勢崎線,とうきょうスカイツリー,宝町,0,29
東武伊勢崎線,曳舟,宝町,0,27
東武伊勢崎線,東向島,宝町,1,32
東武伊勢崎線,鐘ヶ淵,宝町,1,34
東武伊勢崎線,堀切,宝町,1,36
東武伊勢崎線,牛田,宝町,2,296
東武伊勢崎線,北千住,宝町,1,25
東武伊勢崎線,小菅,宝町,1,28
東武伊勢崎線,五反野,宝町,1,30
東武伊勢崎線,梅島,宝町,1,33
東武伊勢崎線,西新井,宝町,1,35
東武伊勢崎線,竹ノ塚,宝町,1,38
東武伊勢崎線,谷塚,宝町,1,41
東武伊勢崎線,草加,宝町,1,44
東武伊勢崎線,新田,宝町,1,49
東武伊勢崎線,蒲生,宝町,1,51
東武伊勢崎線,新越谷,宝町,1,51
東武伊勢崎線,越谷,宝町,1,54
東武伊勢崎線,北越谷,宝町,1,58
東武伊勢崎線,大袋,宝町,1,61
東武伊勢崎線,せんげん台,宝町,1,60
東武伊勢崎線,武里,宝町,1,68
東武伊勢崎線,一ノ割,宝町,1,71
東武伊勢崎線,春日部,宝町,1,67
東武伊勢崎線,北春日部,宝町,1,76
東武伊勢崎線,姫宮,宝町,1,83
東武伊勢崎線,東武動物公園,宝町,1,73
東武伊勢崎線,和戸,宝町,1,84
東武伊勢崎線,久喜,宝町,1,78
東武伊勢崎線,鷲宮,宝町,1,93
東武伊勢崎線,花崎,宝町,1,96
東武伊勢崎線,加須,宝町,1,100
東武伊勢崎線,南羽生,宝町,1,105
東武伊勢崎線,羽生,宝町,1,109
東武伊勢崎線,川俣,宝町,1,118
東武伊勢崎線,茂林寺前,宝町,1,121
東武伊勢崎線,館林,宝町,1,102
東武伊勢崎線,多々良,宝町,2,113
東武伊勢崎線,県,宝町,2,119
東武伊勢崎線,福居,宝町,2,123
東武伊勢崎線,東武和泉,宝町,2,125
東武伊勢崎線,足利市,宝町,1,116
東武伊勢崎線,野州山辺,宝町,2,131
東武伊勢崎線,韮川,宝町,2,134
東武伊勢崎線,太田,宝町,1,124
東武伊勢崎線,細谷,宝町,2,143
東武伊勢崎線,木崎,宝町,2,147
東武伊勢崎線,世良田,宝町,2,151
東武伊勢崎線,境町,宝町,2,154
東武伊勢崎線,剛志,宝町,2,158
東武伊勢崎線,新伊勢崎,宝町,2,162
東武伊勢崎線,伊勢崎,宝町,2,165
東武佐野線,館林,宝町,1,102
東武佐野線,渡瀬,宝町,2,420
東武佐野線,田島,宝町,2,120
東武佐野線,佐野市,宝町,2,124
東武佐野線,佐野,宝町,2,129
東武佐野線,堀米,宝町,2,132
東武佐野線,吉水,宝町,2,136
東武佐野線,田沼,宝町,2,139
東武佐野線,多田,宝町,2,143
東武佐野線,葛生,宝町,2,147
東武大師線,西新井,宝町,1,35
東武大師線,大師前,宝町,2,41
東武宇都宮線,栃木,宝町,2,124
東武宇都宮線,新栃木,宝町,2,128
東武宇都宮線,野州平川,宝町,2,132
東武宇都宮線,野州大塚,宝町,2,135
東武宇都宮線,壬生,宝町,2,139
東武宇都宮線,国谷,宝町,2,143
東武宇都宮線,おもちゃのまち,宝町,2,146
東武宇都宮線,安塚,宝町,2,149
東武宇都宮線,西川田,宝町,2,153
東武宇都宮線,江曽島,宝町,2,155
東武宇都宮線,南宇都宮,宝町,2,158
東武宇都宮線,東武宇都宮,宝町,1,195
東武小泉線,館林,宝町,1,102
東武小泉線,成島,宝町,2,124
東武小泉線,本中野,宝町,2,128
東武小泉線,篠塚,宝町,2,132
東武小泉線,東小泉,宝町,2,135
東武小泉線,小泉町,宝町,3,184
東武小泉線,西小泉,宝町,2,139
東武小泉線,太田,宝町,1,124
東武小泉線,竜舞,宝町,2,148
東武日光線,東武動物公園,宝町,1,73
東武日光線,杉戸高野台,宝町,1,77
東武日光線,幸手,宝町,1,80
東武日光線,南栗橋,宝町,1,85
東武日光線,栗橋,宝町,1,87
東武日光線,新古河,宝町,2,98
東武日光線,柳生,宝町,2,102
東武日光線,板倉東洋大前,宝町,2,105
東武日光線,藤岡,宝町,2,109
東武日光線,静和,宝町,2,116
東武日光線,新大平下,宝町,2,119
東武日光線,栃木,宝町,2,124
東武日光線,新栃木,宝町,2,128
東武日光線,合戦場,宝町,2,120
東武日光線,家中,宝町,2,123
東武日光線,東武金崎,宝町,2,127
東武日光線,楡木,宝町,2,132
東武日光線,樅山,宝町,2,135
東武日光線,新鹿沼,宝町,2,151
東武日光線,北鹿沼,宝町,2,155
東武日光線,板荷,宝町,2,161
東武日光線,下小代,宝町,2,166
東武日光線,明神,宝町,2,169
東武日光線,下今市,宝町,2,175
東武日光線,上今市,宝町,2,181
東武日光線,東武日光,宝町,2,188
東武東上線,寄居,宝町,2,136
東武東上線,玉淀,宝町,3,144
東武東上線,鉢形,宝町,3,142
東武東上線,男衾,宝町,3,139
東武東上線,東武竹沢,宝町,3,132
東武東上線,小川町,宝町,1,15
東武東上線,武蔵嵐山,宝町,2,119
東武東上線,つきのわ,宝町,2,116
東武東上線,森林公園,宝町,2,110
東武東上線,東松山,宝町,2,106
東武東上線,高坂,宝町,2,103
東武東上線,北坂戸,宝町,2,99
東武東上線,坂戸,宝町,2,95
東武東上線,若葉,宝町,2,93
東武東上線,鶴ヶ島,宝町,2,90
東武東上線,霞ヶ関,宝町,1,10
東武東上線,川越市,宝町,2,83
東武東上線,川越,宝町,2,81
東武東上線,新河岸,宝町,2,80
東武東上線,上福岡,宝町,2,78
東武東上線,ふじみ野,宝町,2,74
東武東上線,鶴瀬,宝町,2,72
東武東上線,みずほ台,宝町,2,70
東武東上線,柳瀬川,宝町,2,68
東武東上線,志木,宝町,2,67
東武東上線,朝霞台,宝町,2,64
東武東上線,朝霞,宝町,2,58
東武東上線,和光市,宝町,2,55
東武東上線,成増,宝町,2,56
東武東上線,下赤塚,宝町,2,53
東武東上線,東武練馬,宝町,2,64
東武東上線,上板橋,宝町,2,59
東武東上線,ときわ台,宝町,4,553
東武東上線,中板橋,宝町,2,53
東武東上線,大山,宝町,2,50
東武東上線,下板橋,宝町,2,48
東武東上線,北池袋,宝町,2,46
東武東上線,池袋,宝町,1,38
東武桐生線,太田,宝町,1,124
東武桐生線,三枚橋,宝町,2,132
東武桐生線,治良門橋,宝町,2,136
東武桐生線,藪塚,宝町,1,134
東武桐生線,阿左美,宝町,2,144
東武桐生線,新桐生,宝町,1,140
東武桐生線,相老,宝町,1,146
東武桐生線,赤城,宝町,1,150
東武越生線,坂戸,宝町,2,95
東武越生線,一本松,宝町,3,106
東武越生線,西大家,宝町,3,109
東武越生線,川角,宝町,3,111
東武越生線,武州長瀬,宝町,3,114
東武越生線,東毛呂,宝町,3,116
東武越生線,武州唐沢,宝町,3,118
東武越生線,越生,宝町,3,121
東武野田線,大宮,宝町,1,53
東武野田線,北大宮,宝町,2,65
東武野田線,大宮公園,宝町,2,67
東武野田線,大和田,宝町,2,70
東武野田線,七里,宝町,2,71
東武野田線,岩槻,宝町,2,76
東武野田線,東岩槻,宝町,2,79
東武野田線,豊春,宝町,2,76
東武野田線,八木崎,宝町,2,74
東武野田線,春日部,宝町,1,67
東武野田線,藤の牛島,宝町,2,73
東武野田線,南桜井,宝町,1,103
東武野田線,川間,宝町,1,100
東武野田線,七光台,宝町,1,97
東武野田線,清水公園,宝町,1,94
東武野田線,愛宕,宝町,1,92
東武野田線,野田市,宝町,1,90
東武野田線,梅郷,宝町,1,87
東武野田線,運河,宝町,1,82
東武野田線,江戸川台,宝町,1,80
東武野田線,初石,宝町,1,77
東武野田線,流山おおたかの森,宝町,2,52
東武野田線,豊四季,宝町,1,72
東武野田線,柏,宝町,1,56
東武野田線,新柏,宝町,1,58
東武野田線,増尾,宝町,1,56
東武野田線,逆井,宝町,1,54
東武野田線,高柳,宝町,1,49
東武野田線,六実,宝町,1,47
東武野田線,新鎌ヶ谷,宝町,0,39
東武野田線,鎌ヶ谷,宝町,1,49
東武野田線,馬込沢,宝町,1,53
東武野田線,塚田,宝町,1,56
東武野田線,新船橋,宝町,1,58
東武野田線,船橋,宝町,0,48
東武鬼怒川線,下今市,宝町,2,175
東武鬼怒川線,大谷向,宝町,3,184
東武鬼怒川線,大桑,宝町,3,190
東武鬼怒川線,新高徳,宝町,3,195
東武鬼怒川線,小佐越,宝町,3,199
東武鬼怒川線,東武ワールドスクウェア,宝町,3,201
東武鬼怒川線,鬼怒川温泉,宝町,3,204
東武鬼怒川線,鬼怒川公園,宝町,4,568
東武鬼怒川線,新藤原,宝町,4,573
東葉高速線,東葉勝田台,宝町,0,63
東葉高速線,村上,宝町,3,537
東葉高速線,八千代中央,宝町,1,64
東葉高速線,八千代緑が丘,宝町,1,61
東葉高速線,船橋日大前,宝町,1,59
東葉高速線,北習志野,宝町,1,56
東葉高速線,飯山満,宝町,1,50
東葉高速線,東海神,宝町,1,49
東葉高速線,西船橋,宝町,1,40
湘南モノレール,大船,宝町,1,53
湘南モノレール,富士見町,宝町,2,63
湘南モノレール,湘南町屋,宝町,2,65
湘南モノレール,湘南深沢,宝町,2,67
湘南モノレール,西鎌倉,宝町,2,70
湘南モノレール,片瀬山,宝町,2,72
湘南モノレール,目白山下,宝町,2,74
湘南モノレール,湘南江の島,宝町,2,76
相鉄いずみ野線,二俣川,宝町,1,69
相鉄いずみ野線,南万騎が原,宝町,1,82
相鉄いずみ野線,緑園都市,宝町,1,85
相鉄いずみ野線,弥生台,宝町,1,87
相鉄いずみ野線,いずみ野,宝町,1,89
相鉄いずみ野線,いずみ中央,宝町,1,92
相鉄いずみ野線,ゆめが丘,宝町,1,94
相鉄いずみ野線,湘南台,宝町,1,88
相鉄・JR直通線,羽沢横浜国大,宝町,2,45
相鉄・JR直通線,西谷,宝町,1,66
相鉄新横浜線,西谷,宝町,1,66
相鉄新横浜線,羽沢横浜国大,宝町,2,45
相鉄新横浜線,新横浜,宝町,1,39
相鉄本線,横浜,宝町,0,47
相鉄本線,平沼橋,宝町,1,61
相鉄本線,西横浜,宝町,1,63
相鉄本線,天王町,宝町,1,65
相鉄本線,星川,宝町,1,67
相鉄本線,和田町,宝町,1,72
相鉄本線,上星川,宝町,1,74
相鉄本線,西谷,宝町,1,66
相鉄本線,鶴ケ峰,宝町,1,69
相鉄本線,二俣川,宝町,1,69
相鉄本線,希望ヶ丘,宝町,1,73
相鉄本線,三ツ境,宝町,1,75
相鉄本線,瀬谷,宝町,1,78
相鉄本線,大和,宝町,1,83
相鉄本線,相模大塚,宝町,1,86
相鉄本線,さがみ野,宝町,1,88
相鉄本線,かしわ台,宝町,1,91
相鉄本線,海老名,宝町,1,94
芝山鉄道,東成田,宝町,0,89
芝山鉄道,芝山千代田,宝町,0,93
西武国分寺線,国分寺,宝町,2,61
西武国分寺線,恋ヶ窪,宝町,3,67
西武国分寺線,鷹の台,宝町,3,70
西武国分寺線,小川,宝町,2,66
西武国分寺線,東村山,宝町,2,69
西武多摩川線,武蔵境,宝町,2,52
西武多摩川線,新小金井,宝町,2,80
西武多摩川線,多磨,宝町,2,87
西武多摩川線,白糸台,宝町,1,96
西武多摩川線,競艇場前,宝町,2,107
西武多摩川線,是政,宝町,2,109
西武多摩湖線,国分寺,宝町,2,61
西武多摩湖線,一橋学園,宝町,3,70
西武多摩湖線,青梅街道,宝町,2,96
西武多摩湖線,萩山,宝町,2,63
西武多摩湖線,八坂,宝町,2,74
西武多摩湖線,武蔵大和,宝町,2,78
西武多摩湖線,多摩湖,宝町,2,80
西武山口線,多摩湖,宝町,2,80
西武山口線,西武園ゆうえんち,宝町,4,104
西武山口線,西武球場前,宝町,3,88
西武拝島線,小平,宝町,2,60
西武拝島線,萩山,宝町,2,63
西武拝島線,小川,宝町,2,66
西武拝島線,東大和市,宝町,2,70
西武拝島線,玉川上水,宝町,2,72
西武拝島線,武蔵砂川,宝町,2,75
西武拝島線,西武立川,宝町,2,78
西武拝島線,拝島,宝町,2,84
西武新宿線,西武新宿,宝町,1,49
西武新宿線,高田馬場,宝町,1,23
西武新宿線,下落合,宝町,2,33
西武新宿線,中井,宝町,1,40
西武新宿線,新井薬師前,宝町,2,40
西武新宿線,沼袋,宝町,2,42
西武新宿線,野方,宝町,2,44
西武新宿線,都立家政,宝町,2,46
西武新宿線,鷺ノ宮,宝町,2,44
西武新宿線,下井草,宝町,2,50
西武新宿線,井荻,宝町,2,51
西武新宿線,上井草,宝町,2,55
西武新宿線,上石神井,宝町,2,49
西武新宿線,武蔵関,宝町,2,52
西武新宿線,東伏見,宝町,2,54
西武新宿線,西武柳沢,宝町,2,55
西武新宿線,田無,宝町,2,58
西武新宿線,花小金井,宝町,2,57
西武新宿線,小平,宝町,2,60
西武新宿線,久米川,宝町,2,67
西武新宿線,東村山,宝町,2,69
西武新宿線,所沢,宝町,2,76
西武新宿線,航空公園,宝町,2,75
西武新宿線,新所沢,宝町,2,77
西武新宿線,入曽,宝町,2,82
西武新宿線,狭山市,宝町,2,85
西武新宿線,新狭山,宝町,2,88
西武新宿線,南大塚,宝町,2,91
西武新宿線,本川越,宝町,2,91
西武有楽町線,小竹向原,宝町,2,41
西武有楽町線,新桜台,宝町,2,43
西武有楽町線,練馬,宝町,1,48
西武池袋線,池袋,宝町,1,38
西武池袋線,椎名町,宝町,2,51
西武池袋線,東長崎,宝町,2,53
西武池袋線,江古田,宝町,2,53
西武池袋線,桜台,宝町,2,56
西武池袋線,練馬,宝町,1,48
西武池袋線,中村橋,宝町,2,49
西武池袋線,富士見台,宝町,2,50
西武池袋線,練馬高野台,宝町,2,53
西武池袋線,石神井公園,宝町,2,54
西武池袋線,大泉学園,宝町,2,59
西武池袋線,保谷,宝町,2,62
西武池袋線,ひばりヶ丘,宝町,2,65
西武池袋線,東久留米,宝町,2,70
西武池袋線,清瀬,宝町,2,73
西武池袋線,秋津,宝町,2,76
西武池袋線,所沢,宝町,2,76
西武池袋線,西所沢,宝町,2,81
西武池袋線,小手指,宝町,2,84
西武池袋線,狭山ヶ丘,宝町,2,88
西武池袋線,武蔵藤沢,宝町,2,90
西武池袋線,稲荷山公園,宝町,2,93
西武池袋線,入間市,宝町,2,95
西武池袋線,仏子,宝町,2,99
西武池袋線,元加治,宝町,2,101
西武池袋線,飯能,宝町,2,104
西武池袋線,東飯能,宝町,3,109
西武池袋線,高麗,宝町,3,115
西武池袋線,武蔵横手,宝町,3,119
西武池袋線,東吾野,宝町,3,123
西武池袋線,吾野,宝町,3,128
西武狭山線,西所沢,宝町,2,81
西武狭山線,下山口,宝町,3,85
西武狭山線,西武球場前,宝町,3,88
西武秩父線,飯能,宝町,2,104
西武秩父線,東飯能,宝町,3,109
西武秩父線,高麗,宝町,3,115
西武秩父線,武蔵横手,宝町,3,119
西武秩父線,東吾野,宝町,3,123
西武秩父線,吾野,宝町,3,128
西武秩父線,西吾野,宝町,3,134
西武秩父線,正丸,宝町,3,139
西武秩父線,芦ヶ久保,宝町,3,145
西武秩父線,横瀬,宝町,2,136
西武秩父線,西武秩父,宝町,2,140
西武西武園線,東村山,宝町,2,69
西武西武園線,西武園,宝町,3,72
西武豊島線,練馬,宝町,1,48
西武豊島線,豊島園,宝町,2,59
都電荒川線,三ノ輪橋,宝町,1,25
都電荒川線,荒川一中前,宝町,2,30
都電荒川線,荒川区役所前,宝町,2,31
都電荒川線,荒川二丁目,宝町,2,32
都電荒川線,荒川七丁目,宝町,2,33
都電荒川線,町屋駅前,宝町,1,44
都電荒川線,町屋二丁目,宝町,2,38
都電荒川線,東尾久三丁目,宝町,2,39
都電荒川線,熊野前,宝町,2,40
都電荒川線,宮ノ前,宝町,2,45
都電荒川線,小台,宝町,2,46
都電荒川線,荒川遊園地前,宝町,2,48
都電荒川線,荒川車庫前,宝町,2,48
都電荒川線,梶原,宝町,1,54
都電荒川線,栄町,宝町,2,64
都電荒川線,王子駅前,宝町,1,40
都電荒川線,飛鳥山,宝町,1,65
都電荒川線,滝野川一丁目,宝町,2,51
都電荒川線,西ヶ原四丁目,宝町,2,48
都電荒川線,新庚申塚,宝町,1,45
都電荒川線,庚申塚,宝町,2,46
都電荒川線,巣鴨新田,宝町,2,47
都電荒川線,大塚駅前,宝町,1,38
都電荒川線,向原,宝町,2,342
都電荒川線,東池袋四丁目,宝町,2,35
都電荒川線,都電雑司ヶ谷,宝町,2,49
都電荒川線,鬼子母神前,宝町,2,50
都電荒川線,学習院下,宝町,2,52
都電荒川線,面影橋,宝町,2,54
金沢シーサイドライン,新杉田,宝町,1,67
金沢シーサイドライン,南部市場,宝町,1,100
金沢シーサイドライン,鳥浜,宝町,1,98
金沢シーサイドライン,並木北,宝町,1,96
金沢シーサイドライン,並木中央,宝町,1,95
金沢シーサイドライン,幸浦,宝町,1,93
金沢シーサイドライン,産業振興センター,宝町,1,91
金沢シーサイドライン,福浦,宝町,1,89
金沢シーサイドライン,市大医学部,宝町,1,87
金沢シーサイドライン,八景島,宝町,1,84
金沢シーサイドライン,海の公園柴口,宝町,1,83
金沢シーサイドライン,海の公園南口,宝町,1,81
金沢シーサイドライン,野島公園,宝町,1,80
金沢シーサイドライン,金沢八景,宝町,0,71
みなとみらい線,横浜,宝町,0,47
みなとみらい線,新高島,宝町,1,55
みなとみらい線,みなとみらい,宝町,1,57
みなとみらい線,馬車道,宝町,1,59
みなとみらい線,日本大通り,宝町,1,60
みなとみらい線,元町・中華街,宝町,1,62
埼玉高速鉄道線,浦和美園,宝町,2,64
埼玉高速鉄道線,東川口,宝町,1,72
埼玉高速鉄道線,戸塚安行,宝町,2,58
埼玉高速鉄道線,新井宿,宝町,2,55
埼玉高速鉄道線,鳩ヶ谷,宝町,2,52
埼玉高速鉄道線,南鳩ヶ谷,宝町,2,50
埼玉高速鉄道線,川口元郷,宝町,2,47
埼玉高速鉄道線,赤羽岩淵,宝町,1,50
東京メトロ丸ノ内線,池袋,宝町,1,38
東京メトロ丸ノ内線,新大塚,宝町,1,62
東京メトロ丸ノ内線,茗荷谷,宝町,1,52
東京メトロ丸ノ内線,後楽園,宝町,1,36
東京メトロ丸ノ内線,本郷三丁目,宝町,1,28
東京メトロ丸ノ内線,御茶ノ水,宝町,1,17
東京メトロ丸ノ内線,淡路町,宝町,1,19
東京メトロ丸ノ内線,大手町,宝町,1,7
東京メトロ丸ノ内線,東京,宝町,1,13
東京メトロ丸ノ内線,銀座,宝町,1,6
東京メトロ丸ノ内線,霞ケ関,宝町,1,10
東京メトロ丸ノ内線,国会議事堂前,宝町,1,23
東京メトロ丸ノ内線,赤坂見附,宝町,1,15
東京メトロ丸ノ内線,四ツ谷,宝町,1,26
東京メトロ丸ノ内線,四谷三丁目,宝町,2,23
東京メトロ丸ノ内線,新宿御苑前,宝町,2,24
東京メトロ丸ノ内線,新宿三丁目,宝町,1,27
東京メトロ丸ノ内線,新宿,宝町,1,28
東京メトロ丸ノ内線,西新宿,宝町,2,30
東京メトロ丸ノ内線,中野坂上,宝町,1,35
東京メトロ丸ノ内線,新中野,宝町,2,35
東京メトロ丸ノ内線,東高円寺,宝町,2,36
東京メトロ丸ノ内線,新高円寺,宝町,2,38
東京メトロ丸ノ内線,南阿佐ケ谷,宝町,2,40
東京メトロ丸ノ内線,荻窪,宝町,1,39
東京メトロ副都心線,和光市,宝町,2,55
東京メトロ副都心線,地下鉄成増,宝町,2,51
東京メトロ副都心線,地下鉄赤塚,宝町,2,48
東京メトロ副都心線,平和台,宝町,2,70
東京メトロ副都心線,氷川台,宝町,2,43
東京メトロ副都心線,小竹向原,宝町,2,41
東京メトロ副都心線,千川,宝町,2,38
東京メトロ副都心線,要町,宝町,2,36
東京メトロ副都心線,池袋,宝町,1,38
東京メトロ副都心線,雑司が谷,宝町,2,46
東京メトロ副都心線,西早稲田,宝町,2,43
東京メトロ副都心線,東新宿,宝町,1,41
東京メトロ副都心線,新宿三丁目,宝町,1,27
東京メトロ副都心線,北参道,宝町,2,38
東京メトロ副都心線,渋谷,宝町,1,25
東京メトロ千代田線,北綾瀬,宝町,2,40
東京メトロ千代田線,綾瀬,宝町,2,34
東京メトロ千代田線,北千住,宝町,1,25
東京メトロ千代田線,町屋,宝町,1,41
東京メトロ千代田線,西日暮里,宝町,1,30
東京メトロ千代田線,千駄木,宝町,1,69
東京メトロ千代田線,根津,宝町,1,50
東京メトロ千代田線,湯島,宝町,1,38
東京メトロ千代田線,新御茶ノ水,宝町,1,20
東京メトロ千代田線,大手町,宝町,1,7
東京メトロ千代田線,日比谷,宝町,1,8
東京メトロ千代田線,霞ケ関,宝町,1,10
東京メトロ千代田線,国会議事堂前,宝町,1,23
東京メトロ千代田線,赤坂,宝町,2,15
東京メトロ千代田線,乃木坂,宝町,2,21
東京メトロ千代田線,表参道,宝町,1,22
東京メトロ千代田線,代々木公園,宝町,2,25
東京メトロ千代田線,代々木上原,宝町,2,30
東京メトロ半蔵門線,渋谷,宝町,1,25
東京メトロ半蔵門線,表参道,宝町,1,22
東京メトロ半蔵門線,青山一丁目,宝町,1,18
東京メトロ半蔵門線,永田町,宝町,1,21
東京メトロ半蔵門線,半蔵門,宝町,1,25
東京メトロ半蔵門線,九段下,宝町,1,12
東京メトロ半蔵門線,神保町,宝町,1,17
東京メトロ半蔵門線,大手町,宝町,1,7
東京メトロ半蔵門線,三越前,宝町,1,9
東京メトロ半蔵門線,水天宮前,宝町,0,12
東京メトロ半蔵門線,清澄白河,宝町,1,18
東京メトロ半蔵門線,住吉,宝町,2,213
東京メトロ半蔵門線,錦糸町,宝町,1,18
東京メトロ南北線,赤羽岩淵,宝町,1,50
東京メトロ南北線,志茂,宝町,2,41
東京メトロ南北線,王子神谷,宝町,2,39
東京メトロ南北線,王子,宝町,1,37
東京メトロ南北線,西ケ原,宝町,2,34
東京メトロ南北線,駒込,宝町,1,32
東京メトロ南北線,本駒込,宝町,2,28
東京メトロ南北線,東大前,宝町,2,26
東京メトロ南北線,後楽園,宝町,1,36
東京メトロ南北線,飯田橋,宝町,1,14
東京メトロ南北線,市ケ谷,宝町,1,21
東京メトロ南北線,四ツ谷,宝町,1,26
東京メトロ南北線,永田町,宝町,1,21
東京メトロ南北線,溜池山王,宝町,1,13
東京メトロ南北線,六本木一丁目,宝町,1,27
東京メトロ南北線,麻布十番,宝町,1,16
東京メトロ南北線,白金高輪,宝町,1,16
東京メトロ南北線,白金台,宝町,1,20
東京メトロ南北線,目黒,宝町,1,23
東京メトロ日比谷線,小伝馬町,宝町,1,7
東京メトロ日比谷線,北千住,宝町,1,25
東京メトロ日比谷線,南千住,宝町,1,21
東京メトロ日比谷線,三ノ輪,宝町,1,19
東京メトロ日比谷線,入谷,宝町,1,17
東京メトロ日比谷線,上野,宝町,1,14
東京メトロ日比谷線,仲御徒町,宝町,1,12
東京メトロ日比谷線,秋葉原,宝町,1,10
東京メトロ日比谷線,人形町,宝町,0,3
東京メトロ日比谷線,茅場町,宝町,1,8
東京メトロ日比谷線,八丁堀,宝町,1,8
東京メトロ日比谷線,築地,宝町,1,5
東京メトロ日比谷線,東銀座,宝町,0,1
東京メトロ日比谷線,銀座,宝町,1,6
東京メトロ日比谷線,日比谷,宝町,1,8
東京メトロ日比谷線,霞ケ関,宝町,1,10
東京メトロ日比谷線,虎ノ門ヒルズ,宝町,1,12
東京メトロ日比谷線,神谷町,宝町,1,14
東京メトロ日比谷線,六本木,宝町,1,17
東京メトロ日比谷線,広尾,宝町,1,21
東京メトロ日比谷線,恵比寿,宝町,1,24
東京メトロ日比谷線,中目黒,宝町,1,27
東京メトロ有楽町線,和光市,宝町,2,55
東京メトロ有楽町線,地下鉄成増,宝町,2,51
東京メトロ有楽町線,地下鉄赤塚,宝町,2,48
東京メトロ有楽町線,平和台,宝町,2,70
東京メトロ有楽町線,氷川台,宝町,2,43
東京メトロ有楽町線,小竹向原,宝町,2,41
東京メトロ有楽町線,千川,宝町,2,38
東京メトロ有楽町線,要町,宝町,2,36
東京メトロ有楽町線,池袋,宝町,1,38
東京メトロ有楽町線,東池袋,宝町,2,31
東京メトロ有楽町線,護国寺,宝町,2,28
東京メトロ有楽町線,江戸川橋,宝町,2,25
東京メトロ有楽町線,飯田橋,宝町,1,14
東京メトロ有楽町線,市ケ谷,宝町,1,21
東京メトロ有楽町線,麹町,宝町,1,35
東京メトロ有楽町線,永田町,宝町,1,21
東京メトロ有楽町線,桜田門,宝町,1,24
東京メトロ有楽町線,有楽町,宝町,1,11
東京メトロ有楽町線,銀座一丁目,宝町,1,13
東京メトロ有楽町線,新富町,宝町,1,12
東京メトロ有楽町線,月島,宝町,1,20
東京メトロ有楽町線,豊洲,宝町,1,29
東京メトロ有楽町線,辰巳,宝町,2,21
東京メトロ有楽町線,新木場,宝町,2,23
東京メトロ東西線,西船橋,宝町,1,40
東京メトロ東西線,原木中山,宝町,1,39
東京メトロ東西線,妙典,宝町,1,35
東京メトロ東西線,行徳,宝町,1,33
東京メトロ東西線,南行徳,宝町,1,31
東京メトロ東西線,浦安,宝町,1,29
東京メトロ東西線,葛西,宝町,1,26
東京メトロ東西線,西葛西,宝町,1,24
東京メトロ東西線,南砂町,宝町,1,20
東京メトロ東西線,東陽町,宝町,1,17
東京メトロ東西線,木場,宝町,1,15
東京メトロ東西線,門前仲町,宝町,1,12
東京メトロ東西線,茅場町,宝町,1,8
東京メトロ東西線,日本橋,宝町,3,196
東京メトロ東西線,大手町,宝町,1,7
東京メトロ東西線,竹橋,宝町,1,9
東京メトロ東西線,九段下,宝町,1,12
東京メトロ東西線,飯田橋,宝町,1,14
東京メトロ東西線,神楽坂,宝町,1,17
東京メトロ東西線,早稲田,宝町,2,40
東京メトロ東西線,高田馬場,宝町,1,23
東京メトロ東西線,落合,宝町,1,26
東京メトロ東西線,中野,宝町,1,30
東京メトロ東西線,高円寺,宝町,1,35
東京メトロ東西線,阿佐ケ谷,宝町,1,37
東京メトロ東西線,荻窪,宝町,1,39
東京メトロ東西線,西荻窪,宝町,1,42
東京メトロ東西線,吉祥寺,宝町,1,44
東京メトロ東西線,三鷹,宝町,1,47
東京メトロ銀座線,浅草,宝町,0,11
東京メトロ銀座線,田原町,宝町,1,17
東京メトロ銀座線,稲荷町,宝町,1,19
東京メトロ銀座線,上野,宝町,1,14
東京メトロ銀座線,上野広小路,宝町,1,15
東京メトロ銀座線,末広町,宝町,1,13
東京メトロ銀座線,神田,宝町,1,11
東京メトロ銀座線,三越前,宝町,1,9
東京メトロ銀座線,日本橋,宝町,3,196
東京メトロ銀座線,京橋,宝町,3,191
東京メトロ銀座線,銀座,宝町,1,6
東京メトロ銀座線,新橋,宝町,0,3
東京メトロ銀座線,虎ノ門,宝町,1,11
東京メトロ銀座線,溜池山王,宝町,1,13
東京メトロ銀座線,赤坂見附,宝町,1,15
東京メトロ銀座線,青山一丁目,宝町,1,18
東京メトロ銀座線,外苑前,宝町,1,19
東京メトロ銀座線,表参道,宝町,1,22
東京メトロ銀座線,渋谷,宝町,1,25
横浜市営地下鉄グリーンライン,中山,宝町,1,81
横浜市営地下鉄グリーンライン,川和町,宝町,2,68
横浜市営地下鉄グリーンライン,都筑ふれあいの丘,宝町,2,66
横浜市営地下鉄グリーンライン,センター南,宝町,1,78
横浜市営地下鉄グリーンライン,センター北,宝町,1,80
横浜市営地下鉄グリーンライン,北山田,宝町,3,326
横浜市営地下鉄グリーンライン,東山田,宝町,2,57
横浜市営地下鉄グリーンライン,高田,宝町,3,279
横浜市営地下鉄グリーンライン,日吉本町,宝町,2,53
横浜市営地下鉄グリーンライン,日吉,宝町,1,46
横浜市営地下鉄ブルーライン,湘南台,宝町,1,88
横浜市営地下鉄ブルーライン,下飯田,宝町,1,85
横浜市営地下鉄ブルーライン,立場,宝町,1,82
横浜市営地下鉄ブルーライン,中田,宝町,3,360
横浜市営地下鉄ブルーライン,踊場,宝町,1,78
横浜市営地下鉄ブルーライン,戸塚,宝町,1,47
横浜市営地下鉄ブルーライン,舞岡,宝町,1,73
横浜市営地下鉄ブルーライン,下永谷,宝町,1,72
横浜市営地下鉄ブルーライン,上永谷,宝町,1,69
横浜市営地下鉄ブルーライン,港南中央,宝町,1,66
横浜市営地下鉄ブルーライン,上大岡,宝町,0,57
横浜市営地下鉄ブルーライン,弘明寺,宝町,1,65
横浜市営地下鉄ブルーライン,蒔田,宝町,1,66
横浜市営地下鉄ブルーライン,吉野町,宝町,1,66
横浜市営地下鉄ブルーライン,阪東橋,宝町,1,65
横浜市営地下鉄ブルーライン,伊勢佐木長者町,宝町,1,63
横浜市営地下鉄ブルーライン,関内,宝町,1,55
横浜市営地下鉄ブルーライン,桜木町,宝町,1,52
横浜市営地下鉄ブルーライン,高島町,宝町,1,57
横浜市営地下鉄ブルーライン,横浜,宝町,0,47
横浜市営地下鉄ブルーライン,三ツ沢下町,宝町,1,59
横浜市営地下鉄ブルーライン,三ツ沢上町,宝町,1,60
横浜市営地下鉄ブルーライン,片倉町,宝町,1,63
横浜市営地下鉄ブルーライン,岸根公園,宝町,1,65
横浜市営地下鉄ブルーライン,新横浜,宝町,1,39
横浜市営地下鉄ブルーライン,北新横浜,宝町,1,70
横浜市営地下鉄ブルーライン,新羽,宝町,1,72
横浜市営地下鉄ブルーライン,仲町台,宝町,1,75
横浜市営地下鉄ブルーライン,センター南,宝町,1,78
横浜市営地下鉄ブルーライン,センター北,宝町,1,80
横浜市営地下鉄ブルーライン,中川,宝町,2,397
横浜市営地下鉄ブルーライン,あざみ野,宝町,1,70
都営三田線,西高島平,宝町,1,58
都営三田線,新高島平,宝町,1,56
都営三田線,高島平,宝町,1,55
都営三田線,西台,宝町,1,53
都営三田線,蓮根,宝町,1,51
都営三田線,志村三丁目,宝町,1,49
都営三田線,志村坂上,宝町,1,47
都営三田線,本蓮沼,宝町,1,45
都営三田線,板橋本町,宝町,1,43
都営三田線,板橋区役所前,宝町,1,41
都営三田線,新板橋,宝町,1,39
都営三田線,西巣鴨,宝町,1,37
都営三田線,巣鴨,宝町,1,34
都営三田線,千石,宝町,1,33
都営三田線,白山,宝町,3,681
都営三田線,春日,宝町,1,28
都営三田線,水道橋,宝町,1,19
都営三田線,神保町,宝町,1,17
都営三田線,大手町,宝町,1,7
都営三田線,日比谷,宝町,1,8
都営三田線,内幸町,宝町,0,14
都営三田線,御成門,宝町,1,17
都営三田線,芝公園,宝町,1,15
都営三田線,三田,宝町,2,226
都営三田線,白金高輪,宝町,1,16
都営三田線,白金台,宝町,1,20
都営三田線,目黒,宝町,1,23
都営大江戸線,都庁前,宝町,1,31
都営大江戸線,新宿西口,宝町,1,43
都営大江戸線,東新宿,宝町,1,41
都営大江戸線,若松河田,宝町,1,38
都営大江戸線,牛込柳町,宝町,1,37
都営大江戸線,牛込神楽坂,宝町,1,34
都営大江戸線,飯田橋,宝町,1,14
都営大江戸線,春日,宝町,1,28
都営大江戸線,本郷三丁目,宝町,1,28
都営大江戸線,上野御徒町,宝町,1,17
都営大江戸線,新御徒町,宝町,1,22
都営大江戸線,蔵前,宝町,0,9
都営大江戸線,両国,宝町,1,15
都営大江戸線,森下,宝町,1,16
都営大江戸線,清澄白河,宝町,1,18
都営大江戸線,門前仲町,宝町,1,12
都営大江戸線,月島,宝町,1,20
都営大江戸線,勝どき,宝町,1,18
都営大江戸線,築地市場,宝町,1,14
都営大江戸線,汐留,宝町,1,13
都営大江戸線,大門,宝町,0,5
都営大江戸線,赤羽橋,宝町,1,14
都営大江戸線,麻布十番,宝町,1,16
都営大江戸線,六本木,宝町,1,17
都営大江戸線,青山一丁目,宝町,1,18
都営大江戸線,国立競技場,宝町,1,24
都営大江戸線,代々木,宝町,1,26
都営大江戸線,新宿,宝町,1,28
都営大江戸線,西新宿五丁目,宝町,1,33
都営大江戸線,中野坂上,宝町,1,35
都営大江戸線,東中野,宝町,1,38
都営大江戸線,中井,宝町,1,40
都営大江戸線,落合南長崎,宝町,1,42
都営大江戸線,新江古田,宝町,1,45
都営大江戸線,練馬,宝町,1,48
都営大江戸線,豊島園,宝町,2,59
都営大江戸線,練馬春日町,宝町,1,52
都営大江戸線,光が丘,宝町,1,54
都営新宿線,本八幡,宝町,0,43
都営新宿線,篠崎,宝町,1,36
都営新宿線,瑞江,宝町,1,34
都営新宿線,一之江,宝町,1,31
都営新宿線,船堀,宝町,1,29
都営新宿線,東大島,宝町,1,26
都営新宿線,大島,宝町,3,601
都営新宿線,西大島,宝町,1,22
都営新宿線,住吉,宝町,2,213
都営新宿線,菊川,宝町,1,18
都営新宿線,森下,宝町,1,16
都営新宿線,浜町,宝町,1,14
都営新宿線,馬喰横山,宝町,0,10
都営新宿線,岩本町,宝町,1,13
都営新宿線,小川町,宝町,1,15
都営新宿線,神保町,宝町,1,17
都営新宿線,九段下,宝町,1,12
都営新宿線,市ヶ谷,宝町,1,21
都営新宿線,曙橋,宝町,1,24
都営新宿線,新宿三丁目,宝町,1,27
都営新宿線,新宿,宝町,1,28
都営浅草線,本所吾妻橋,宝町,0,13
都営浅草線,浅草,宝町,0,11
都営浅草線,蔵前,宝町,0,9
都営浅草線,浅草橋,宝町,0,7
都営浅草線,東日本橋,宝町,0,5
都営浅草線,人形町,宝町,0,3
都営浅草線,日本橋,宝町,3,196
都営浅草線,東銀座,宝町,0,1
都営浅草線,新橋,宝町,0,3
都営浅草線,大門,宝町,0,5
都営浅草線,三田,宝町,2,226
都営浅草線,泉岳寺,宝町,0,11
都営浅草線,高輪台,宝町,0,14
都営浅草線,五反田,宝町,0,16
都営浅草線,戸越,宝町,0,18
都営浅草線,中延,宝町,0,21
都営浅草線,馬込,宝町,0,22
都営浅草線,西馬込,宝町,0,25
いすみ鉄道いすみ線,大原,宝町,2,119
いすみ鉄道いすみ線,西大原,宝町,3,131
いすみ鉄道いすみ線,上総東,宝町,3,137
いすみ鉄道いすみ線,新田野,宝町,3,142
いすみ鉄道いすみ線,国吉,宝町,3,145
いすみ鉄道いすみ線,上総中川,宝町,3,150
いすみ鉄道いすみ線,城見ヶ丘,宝町,3,155
いすみ鉄道いすみ線,大多喜,宝町,3,157
いすみ鉄道いすみ線,小谷松,宝町,4,725
いすみ鉄道いすみ線,東総元,宝町,4,728
いすみ鉄道いすみ線,久我原,宝町,4,731
いすみ鉄道いすみ線,総元,宝町,4,734
いすみ鉄道いすみ線,西畑,宝町,4,739
いすみ鉄道いすみ線,上総中野,宝町,4,742
ひたちなか海浜鉄道湊線,勝田,宝町,1,144
ひたちなか海浜鉄道湊線,日工前,宝町,2,167
ひたちなか海浜鉄道湊線,金上,宝町,2,169
ひたちなか海浜鉄道湊線,中根,宝町,2,174
ひたちなか海浜鉄道湊線,那珂湊,宝町,2,180
ひたちなか海浜鉄道湊線,殿山,宝町,2,184
ひたちなか海浜鉄道湊線,平磯,宝町,2,186
ひたちなか海浜鉄道湊線,美乃浜学園,宝町,2,189
ひたちなか海浜鉄道湊線,磯崎,宝町,2,191
ひたちなか海浜鉄道湊線,阿字ヶ浦,宝町,2,193
わたらせ渓谷鐵道,桐生,宝町,1,230
わたらせ渓谷鐵道,下新田,宝町,4,148
わたらせ渓谷鐵道,相老,宝町,1,146
わたらせ渓谷鐵道,運動公園,宝町,2,152
わたらせ渓谷鐵道,大間々,宝町,2,156
わたらせ渓谷鐵道,上神梅,宝町,2,178
わたらせ渓谷鐵道,本宿,宝町,2,149
わたらせ渓谷鐵道,水沼,宝町,2,185
わたらせ渓谷鐵道,花輪,宝町,2,192
わたらせ渓谷鐵道,中野,宝町,1,30
わたらせ渓谷鐵道,小中,宝町,2,199
わたらせ渓谷鐵道,神戸,宝町,2,166
わたらせ渓谷鐵道,沢入,宝町,2,215
わたらせ渓谷鐵道,原向,宝町,2,224
わたらせ渓谷鐵道,通洞,宝町,2,229
わたらせ渓谷鐵道,足尾,宝町,2,231
わたらせ渓谷鐵道,間藤,宝町,2,234
上信電鉄上信線,高崎,宝町,1,140
上信電鉄上信線,南高崎,宝町,3,92
上信電鉄上信線,根小屋,宝町,3,99
上信電鉄上信線,高崎商科大学前,宝町,3,101
上信電鉄上信線,山名,宝町,3,103
上信電鉄上信線,西山名,宝町,3,106
上信電鉄上信線,馬庭,宝町,3,109
上信電鉄上信線,吉井,宝町,3,113
上信電鉄上信線,西吉井,宝町,3,116
上信電鉄上信線,上州新屋,宝町,3,118
上信電鉄上信線,上州福島,宝町,3,121
上信電鉄上信線,東富岡,宝町,3,126
上信電鉄上信線,上州富岡,宝町,3,128
上信電鉄上信線,西富岡,宝町,3,130
上信電鉄上信線,上州七日市,宝町,3,131
上信電鉄上信線,上州一ノ宮,宝町,3,134
上信電鉄上信線,神農原,宝町,3,138
上信電鉄上信線,南蛇井,宝町,3,141
上信電鉄上信線,千平,宝町,3,144
上信電鉄上信線,下仁田,宝町,3,151
上毛電気鉄道上毛線,中央前橋,宝町,1,180
上毛電気鉄道上毛線,城東,宝町,2,194
上毛電気鉄道上毛線,三俣,宝町,2,192
上毛電気鉄道上毛線,片貝,宝町,2,190
上毛電気鉄道上毛線,上泉,宝町,2,188
上毛電気鉄道上毛線,赤坂,宝町,2,15
上毛電気鉄道上毛線,心臓血管センター,宝町,2,184
上毛電気鉄道上毛線,江木,宝町,2,182
上毛電気鉄道上毛線,大胡,宝町,2,179
上毛電気鉄道上毛線,樋越,宝町,2,176
上毛電気鉄道上毛線,北原,宝町,2,174
上毛電気鉄道上毛線,新屋,宝町,2,172
上毛電気鉄道上毛線,粕川,宝町,2,170
上毛電気鉄道上毛線,膳,宝町,2,168
上毛電気鉄道上毛線,新里,宝町,2,166
上毛電気鉄道上毛線,新川,宝町,2,134
上毛電気鉄道上毛線,東新川,宝町,3,253
上毛電気鉄道上毛線,赤城,宝町,1,150
上毛電気鉄道上毛線,桐生球場前,宝町,2,164
上毛電気鉄道上毛線,天王宿,宝町,2,166
上毛電気鉄道上毛線,富士山下,宝町,2,168
上毛電気鉄道上毛線,丸山下,宝町,2,169
上毛電気鉄道上毛線,西桐生,宝町,1,233
伊豆箱根鉄道大雄山線,小田原,宝町,1,53
伊豆箱根鉄道大雄山線,緑町,宝町,2,75
伊豆箱根鉄道大雄山線,井細田,宝町,2,77
伊豆箱根鉄道大雄山線,五百羅漢,宝町,2,80
伊豆箱根鉄道大雄山線,穴部,宝町,2,82
伊豆箱根鉄道大雄山線,飯田岡,宝町,2,84
伊豆箱根鉄道大雄山線,相模沼田,宝町,2,85
伊豆箱根鉄道大雄山線,岩原,宝町,2,87
伊豆箱根鉄道大雄山線,塚原,宝町,2,88
伊豆箱根鉄道大雄山線,和田河原,宝町,2,92
伊豆箱根鉄道大雄山線,富士フイルム前,宝町,2,94
伊豆箱根鉄道大雄山線,大雄山,宝町,2,95
富士急行線,大月,宝町,2,114
富士急行線,上大月,宝町,3,124
富士急行線,田野倉,宝町,3,128
富士急行線,禾生,宝町,3,132
富士急行線,赤坂,宝町,2,15
富士急行線,都留市,宝町,3,137
富士急行線,谷村町,宝町,3,139
富士急行線,都留文科大学前,宝町,3,142
富士急行線,十日市場,宝町,1,85
富士急行線,東桂,宝町,3,147
富士急行線,三つ峠,宝町,3,151
富士急行線,寿,宝町,3,156
富士急行線,葭池温泉前,宝町,3,159
富士急行線,下吉田,宝町,3,161
富士急行線,月江寺,宝町,3,163
富士急行線,富士山,宝町,3,166
富士急行線,富士急ハイランド,宝町,3,171
富士急行線,河口湖,宝町,3,174
小湊鉄道,五井,宝町,1,72
小湊鉄道,上総村上,宝町,2,95
小湊鉄道,海士有木,宝町,2,100
小湊鉄道,上総三又,宝町,2,104
小湊鉄道,上総山田,宝町,2,107
小湊鉄道,光風台,宝町,2,110
小湊鉄道,馬立,宝町,2,114
小湊鉄道,上総牛久,宝町,2,120
小湊鉄道,上総川間,宝町,2,116
小湊鉄道,上総鶴舞,宝町,2,119
小湊鉄道,上総久保,宝町,2,122
小湊鉄道,高滝,宝町,2,126
小湊鉄道,里見,宝町,2,129
小湊鉄道,飯給,宝町,2,157
小湊鉄道,月崎,宝町,2,162
小湊鉄道,上総大久保,宝町,2,167
小湊鉄道,養老渓谷,宝町,2,172
小湊鉄道,上総中野,宝町,4,742
江ノ電,藤沢,宝町,1,54
江ノ電,石上,宝町,2,67
江ノ電,柳小路,宝町,2,69
江ノ電,鵠沼,宝町,2,70
江ノ電,湘南海岸公園,宝町,2,74
江ノ電,江ノ島,宝町,2,76
江ノ電,腰越,宝町,2,79
江ノ電,鎌倉高校前,宝町,2,81
江ノ電,七里ヶ浜,宝町,2,85
江ノ電,稲村ヶ崎,宝町,2,88
江ノ電,極楽寺,宝町,2,88
江ノ電,長谷,宝町,2,74
江ノ電,由比ヶ浜,宝町,2,73
江ノ電,和田塚,宝町,2,71
江ノ電,鎌倉,宝町,1,65
流鉄流山線,馬橋,宝町,2,49
流鉄流山線,幸谷,宝町,1,54
流鉄流山線,小金城趾,宝町,2,65
流鉄流山線,鰭ヶ崎,宝町,2,67
流鉄流山線,平和台,宝町,2,70
流鉄流山線,流山,宝町,2,71
真岡鐵道真岡線,下館,宝町,2,133
真岡鐵道真岡線,下館二高前,宝町,3,154
真岡鐵道真岡線,折本,宝町,3,157
真岡鐵道真岡線,ひぐち,宝町,3,160
真岡鐵道真岡線,久下田,宝町,3,163
真岡鐵道真岡線,寺内,宝町,3,169
真岡鐵道真岡線,真岡,宝町,3,173
真岡鐵道真岡線,北真岡,宝町,4,140
真岡鐵道真岡線,西田井,宝町,4,145
真岡鐵道真岡線,北山,宝町,2,180
真岡鐵道真岡線,益子,宝町,3,153
真岡鐵道真岡線,七井,宝町,3,144
真岡鐵道真岡線,多田羅,宝町,4,160
真岡鐵道真岡線,市塙,宝町,4,164
真岡鐵道真岡線,笹原田,宝町,4,170
真岡鐵道真岡線,天矢場,宝町,4,172
真岡鐵道真岡線,茂木,宝町,4,176
秩父鉄道,羽生,宝町,1,109
秩父鉄道,西羽生,宝町,2,104
秩父鉄道,新郷,宝町,2,107
秩父鉄道,武州荒木,宝町,2,115
秩父鉄道,東行田,宝町,2,112
秩父鉄道,行田市,宝町,2,110
秩父鉄道,持田,宝町,2,107
秩父鉄道,熊谷,宝町,1,94
秩父鉄道,上熊谷,宝町,2,106
秩父鉄道,石原,宝町,3,656
秩父鉄道,ひろせ野鳥の森,宝町,2,111
秩父鉄道,大麻生,宝町,2,114
秩父鉄道,明戸,宝町,2,119
秩父鉄道,武川,宝町,2,122
秩父鉄道,永田,宝町,2,94
秩父鉄道,小前田,宝町,2,130
秩父鉄道,桜沢,宝町,3,176
秩父鉄道,寄居,宝町,2,136
秩父鉄道,波久礼,宝町,2,140
秩父鉄道,樋口,宝町,2,146
秩父鉄道,野上,宝町,2,150
秩父鉄道,長瀞,宝町,2,152
秩父鉄道,上長瀞,宝町,2,155
秩父鉄道,親鼻,宝町,2,158
秩父鉄道,皆野,宝町,2,160
秩父鉄道,和銅黒谷,宝町,2,164
秩父鉄道,大野原,宝町,2,168
秩父鉄道,秩父,宝町,2,171
秩父鉄道,御花畑,宝町,2,173
秩父鉄道,影森,宝町,2,176
秩父鉄道,浦山口,宝町,3,160
秩父鉄道,武州中川,宝町,3,164
秩父鉄道,武州日野,宝町,3,167
秩父鉄道,白久,宝町,3,171
秩父鉄道,三峰口,宝町,3,173
箱根登山鉄道,小田原,宝町,1,53
箱根登山鉄道,箱根板橋,宝町,2,74
箱根登山鉄道,風祭,宝町,2,78
箱根登山鉄道,入生田,宝町,2,79
箱根登山鉄道,箱根湯本,宝町,2,81
箱根登山鉄道,塔ノ沢,宝町,3,106
箱根登山鉄道,大平台,宝町,2,88
箱根登山鉄道,宮ノ下,宝町,2,93
箱根登山鉄道,小涌谷,宝町,2,103
箱根登山鉄道,彫刻の森,宝町,3,138
箱根登山鉄道,強羅,宝町,3,140
野岩鉄道会津鬼怒川線,新藤原,宝町,4,573
野岩鉄道会津鬼怒川線,龍王峡,宝町,4,210
野岩鉄道会津鬼怒川線,川治温泉,宝町,4,214
野岩鉄道会津鬼怒川線,川治湯元,宝町,4,216
野岩鉄道会津鬼怒川線,湯西川温泉,宝町,4,220
野岩鉄道会津鬼怒川線,中三依温泉,宝町,3,232
野岩鉄道会津鬼怒川線,上三依塩原温泉口,宝町,3,237
野岩鉄道会津鬼怒川線,男鹿高原,宝町,4,236
野岩鉄道会津鬼怒川線,会津高原尾瀬口,宝町,3,247
銚子電鉄,銚子,宝町,1,170
銚子電鉄,仲ノ町,宝町,2,627
銚子電鉄,観音,宝町,2,192
銚子電鉄,本銚子,宝町,2,631
銚子電鉄,笠上黒生,宝町,2,633
銚子電鉄,西海鹿島,宝町,2,635
銚子電鉄,海鹿島,宝町,2,636
銚子電鉄,君ヶ浜,宝町,2,639
銚子電鉄,犬吠,宝町,2,641
銚子電鉄,外川,宝町,2,644
関東鉄道常総線,取手,宝町,1,62
関東鉄道常総線,西取手,宝町,2,69
関東鉄道常総線,寺原,宝町,2,71
関東鉄道常総線,新取手,宝町,2,73
関東鉄道常総線,ゆめみ野,宝町,2,75
関東鉄道常総線,稲戸井,宝町,2,77
関東鉄道常総線,戸頭,宝町,2,79
関東鉄道常総線,南守谷,宝町,2,82
関東鉄道常総線,守谷,宝町,2,62
関東鉄道常総線,新守谷,宝町,2,88
関東鉄道常総線,小絹,宝町,2,90
関東鉄道常総線,水海道,宝町,2,95
関東鉄道常総線,北水海道,宝町,3,76
関東鉄道常総線,中妻,宝町,3,79
関東鉄道常総線,三妻,宝町,3,83
関東鉄道常総線,南石下,宝町,3,87
関東鉄道常総線,石下,宝町,2,115
関東鉄道常総線,玉村,宝町,3,93
関東鉄道常総線,宗道,宝町,3,96
関東鉄道常総線,下妻,宝町,2,123
関東鉄道常総線,大宝,宝町,3,105
関東鉄道常総線,黒子,宝町,3,112
関東鉄道常総線,大田郷,宝町,3,116
関東鉄道常総線,下館,宝町,2,133
鹿島臨海鉄道大洗鹿島線,水戸,宝町,1,138
鹿島臨海鉄道大洗鹿島線,東水戸,宝町,3,149
鹿島臨海鉄道大洗鹿島線,常澄,宝町,3,154
鹿島臨海鉄道大洗鹿島線,大洗,宝町,3,159
鹿島臨海鉄道大洗鹿島線,涸沼,宝町,3,149
鹿島臨海鉄道大洗鹿島線,鹿島旭,宝町,3,154
鹿島臨海鉄道大洗鹿島線,徳宿,宝町,3,159
鹿島臨海鉄道大洗鹿島線,新鉾田,宝町,3,164
鹿島臨海鉄道大洗鹿島線,北浦湖畔,宝町,2,506
鹿島臨海鉄道大洗鹿島線,大洋,宝町,2,511
鹿島臨海鉄道大洗鹿島線,鹿島灘,宝町,2,518
鹿島臨海鉄道大洗鹿島線,鹿島大野,宝町,2,522
鹿島臨海鉄道大洗鹿島線,長者ヶ浜潮騒はまなす公園前,宝町,2,574
鹿島臨海鉄道大洗鹿島線,荒野台,宝町,2,571
鹿島臨海鉄道大洗鹿島線,鹿島神宮,宝町,1,148
